name,priority
Actor/Pack/Enemy_Bokoblin_Bone_Junior_Head.bactorpack,130
Actor/Pack/Enemy_Bokoblin_Bone_Junior_Head_AllDay.bactorpack,130
Actor/Pack/Enemy_Lizalfos_Bone_Junior_Head.bactorpack,130
Actor/Pack/Enemy_Moriblin_Bone_Junior_Head.bactorpack,130
Actor/Pack/Enemy_Wizzrobe_Electric.bactorpack,130
Actor/Pack/Enemy_Wizzrobe_Electric_Senior.bactorpack,130
Actor/Pack/Weapon_Shield_001.bactorpack,130
Actor/Pack/Weapon_Shield_002.bactorpack,130
Actor/Pack/Weapon_Shield_003.bactorpack,130
Actor/Pack/Weapon_Shield_004.bactorpack,130
Actor/Pack/Weapon_Shield_005.bactorpack,130
Actor/Pack/Weapon_Shield_006.bactorpack,130
Actor/Pack/Weapon_Shield_007.bactorpack,130
Actor/Pack/Weapon_Shield_008.bactorpack,130
Actor/Pack/Weapon_Shield_009.bactorpack,130
Actor/Pack/Weapon_Shield_013.bactorpack,130
Actor/Pack/Weapon_Shield_014.bactorpack,130
Actor/Pack/Weapon_Shield_015.bactorpack,130
Actor/Pack/Weapon_Shield_021.bactorpack,130
Actor/Pack/Weapon_Shield_022.bactorpack,130
Actor/Pack/Weapon_Shield_023.bactorpack,130
Actor/Pack/Weapon_Shield_025.bactorpack,130
Actor/Pack/Weapon_Shield_026.bactorpack,130
Actor/Pack/Weapon_Shield_030.bactorpack,130
Actor/Pack/Weapon_Shield_031.bactorpack,130
Actor/Pack/Weapon_Shield_032.bactorpack,130
Actor/Pack/Weapon_Shield_033.bactorpack,130
Actor/Pack/Weapon_Shield_034.bactorpack,130
Actor/Pack/Weapon_Shield_035.bactorpack,130
Actor/Pack/Weapon_Shield_036.bactorpack,130
Actor/Pack/Weapon_Shield_037.bactorpack,130
Actor/Pack/Weapon_Shield_038.bactorpack,130
Actor/Pack/Weapon_Shield_040.bactorpack,130
Actor/Pack/Weapon_Shield_041.bactorpack,130
Actor/Pack/Weapon_Shield_042.bactorpack,130
Actor/Pack/Weapon_Shield_057.bactorpack,130
Actor/Pack/WolfLink.bactorpack,130
Actor/DropTable/Animal_Small2.bdrop,130
Actor/DropTable/Animal_Small3.bdrop,130
Actor/DropTable/Animal_Small4.bdrop,130
Actor/GeneralParamList/Armor_001_Head.bgparamlist,130
Actor/GeneralParamList/Armor_001_Head.bgparamlist,130
Actor/GeneralParamList/Armor_001_Lower.bgparamlist,130
Actor/GeneralParamList/Armor_001_Upper.bgparamlist,130
Actor/Recipe/Armor_002_Head.brecipe,130
Actor/GeneralParamList/Armor_002_Head.bgparamlist,130
Actor/GeneralParamList/Armor_002_Head.bgparamlist,130
Actor/Recipe/Armor_002_Lower.brecipe,130
Actor/GeneralParamList/Armor_002_Lower.bgparamlist,130
Actor/Recipe/Armor_002_Upper.brecipe,130
Actor/GeneralParamList/Armor_002_Upper.bgparamlist,130
Actor/Recipe/Armor_003_Head.brecipe,130
Actor/GeneralParamList/Armor_003_Head.bgparamlist,130
Actor/GeneralParamList/Armor_003_Head.bgparamlist,130
Actor/Recipe/Armor_003_Lower.brecipe,130
Actor/GeneralParamList/Armor_003_Lower.bgparamlist,130
Actor/GeneralParamList/Armor_003_Upper.bgparamlist,130
Actor/Recipe/Armor_003_Upper.brecipe,130
Actor/GeneralParamList/Armor_004_Head.bgparamlist,130
Actor/Recipe/Armor_004_Head.brecipe,130
Actor/GeneralParamList/Armor_004_Head.bgparamlist,130
Actor/Recipe/Armor_004_Lower.brecipe,130
Actor/GeneralParamList/Armor_004_Lower.bgparamlist,130
Actor/Recipe/Armor_004_Upper.brecipe,130
Actor/GeneralParamList/Armor_004_Upper.bgparamlist,130
Actor/GeneralParamList/Armor_005_Head.bgparamlist,130
Actor/GeneralParamList/Armor_005_Lower.bgparamlist,130
Actor/GeneralParamList/Armor_005_Upper.bgparamlist,130
Actor/GeneralParamList/Armor_006_Head.bgparamlist,130
Actor/GeneralParamList/Armor_006_Lower.bgparamlist,130
Actor/GeneralParamList/Armor_006_Upper.bgparamlist,130
Actor/GeneralParamList/Armor_007_Head.bgparamlist,130
Actor/Recipe/Armor_007_Head.brecipe,130
Actor/Recipe/Armor_007_Lower.brecipe,130
Actor/GeneralParamList/Armor_007_Lower.bgparamlist,130
Actor/GeneralParamList/Armor_007_Upper.bgparamlist,130
Actor/Recipe/Armor_007_Upper.brecipe,130
Actor/GeneralParamList/Armor_008_Head.bgparamlist,130
Actor/GeneralParamList/Armor_008_Lower.bgparamlist,130
Actor/GeneralParamList/Armor_008_Upper.bgparamlist,130
Actor/GeneralParamList/Armor_009_Head.bgparamlist,130
Actor/GeneralParamList/Armor_009_Lower.bgparamlist,130
Actor/GeneralParamList/Armor_009_Upper.bgparamlist,130
Actor/GeneralParamList/Armor_030_Head.bgparamlist,130
Actor/GeneralParamList/Armor_030_Lower.bgparamlist,130
Actor/GeneralParamList/Armor_030_Upper.bgparamlist,130
Actor/GeneralParamList/Armor_012_Head.bgparamlist,130
Actor/GeneralParamList/Armor_012_Head.bgparamlist,130
Actor/GeneralParamList/Armor_012_Lower.bgparamlist,130
Actor/GeneralParamList/Armor_012_Upper.bgparamlist,130
Actor/GeneralParamList/Armor_014_Head.bgparamlist,130
Actor/GeneralParamList/Armor_014_Lower.bgparamlist,130
Actor/GeneralParamList/Armor_014_Upper.bgparamlist,130
Actor/GeneralParamList/Armor_015_Head.bgparamlist,130
Actor/Recipe/Armor_015_Head.brecipe,130
Actor/GeneralParamList/Armor_015_Head.bgparamlist,130
Actor/GeneralParamList/Armor_015_Lower.bgparamlist,130
Actor/Recipe/Armor_015_Lower.brecipe,130
Actor/Recipe/Armor_015_Upper.brecipe,130
Actor/GeneralParamList/Armor_015_Upper.bgparamlist,130
Actor/GeneralParamList/Armor_017_Head.bgparamlist,130
Actor/GeneralParamList/Armor_017_Lower.bgparamlist,130
Actor/GeneralParamList/Armor_017_Upper.bgparamlist,130
Actor/GeneralParamList/Armor_020_Head.bgparamlist,130
Actor/GeneralParamList/Armor_020_Lower.bgparamlist,130
Actor/GeneralParamList/Armor_020_Upper.bgparamlist,130
Actor/Recipe/Armor_021_Head.brecipe,130
Actor/GeneralParamList/Armor_021_Head.bgparamlist,130
Actor/GeneralParamList/Armor_021_Lower.bgparamlist,130
Actor/Recipe/Armor_021_Lower.brecipe,130
Actor/Recipe/Armor_021_Upper.brecipe,130
Actor/GeneralParamList/Armor_021_Upper.bgparamlist,130
Actor/GeneralParamList/Armor_022_Head.bgparamlist,130
Actor/GeneralParamList/Armor_022_Head.bgparamlist,130
Actor/GeneralParamList/Armor_024_Head.bgparamlist,130
Actor/GeneralParamList/Armor_025_Head.bgparamlist,130
Actor/GeneralParamList/Armor_026_Head.bgparamlist,130
Actor/GeneralParamList/Armor_027_Head.bgparamlist,130
Actor/GeneralParamList/Armor_028_Head.bgparamlist,130
Actor/GeneralParamList/Armor_029_Head.bgparamlist,130
Actor/Recipe/Armor_035_Head.brecipe,130
Actor/GeneralParamList/Armor_035_Head.bgparamlist,130
Actor/GeneralParamList/Armor_035_Lower.bgparamlist,130
Actor/Recipe/Armor_035_Lower.brecipe,130
Actor/GeneralParamList/Armor_035_Upper.bgparamlist,130
Actor/Recipe/Armor_035_Upper.brecipe,130
Actor/GeneralParamList/Armor_036_Head.bgparamlist,130
Actor/Recipe/Armor_036_Head.brecipe,130
Actor/Recipe/Armor_036_Lower.brecipe,130
Actor/GeneralParamList/Armor_036_Lower.bgparamlist,130
Actor/Recipe/Armor_036_Upper.brecipe,130
Actor/GeneralParamList/Armor_036_Upper.bgparamlist,130
Actor/GeneralParamList/Armor_037_Head.bgparamlist,130
Actor/Recipe/Armor_037_Head.brecipe,130
Actor/GeneralParamList/Armor_037_Lower.bgparamlist,130
Actor/Recipe/Armor_037_Lower.brecipe,130
Actor/Recipe/Armor_037_Upper.brecipe,130
Actor/GeneralParamList/Armor_037_Upper.bgparamlist,130
Actor/GeneralParamList/Armor_039_Head.bgparamlist,130
Actor/Recipe/Armor_039_Head.brecipe,130
Actor/GeneralParamList/Armor_039_Lower.bgparamlist,130
Actor/Recipe/Armor_039_Lower.brecipe,130
Actor/Recipe/Armor_039_Upper.brecipe,130
Actor/GeneralParamList/Armor_039_Upper.bgparamlist,130
Actor/Recipe/Armor_040_Head.brecipe,130
Actor/GeneralParamList/Armor_040_Head.bgparamlist,130
Actor/Recipe/Armor_040_Lower.brecipe,130
Actor/GeneralParamList/Armor_040_Lower.bgparamlist,130
Actor/GeneralParamList/Armor_040_Upper.bgparamlist,130
Actor/Recipe/Armor_040_Upper.brecipe,130
Actor/Recipe/Armor_042_Head.brecipe,130
Actor/GeneralParamList/Armor_042_Head.bgparamlist,130
Actor/GeneralParamList/Armor_042_Head.bgparamlist,130
Actor/Recipe/Armor_042_Lower.brecipe,130
Actor/GeneralParamList/Armor_042_Lower.bgparamlist,130
Actor/Recipe/Armor_042_Upper.brecipe,130
Actor/GeneralParamList/Armor_042_Upper.bgparamlist,130
Actor/GeneralParamList/Armor_043_Lower.bgparamlist,130
Actor/GeneralParamList/Armor_043_Upper.bgparamlist,130
Actor/GeneralParamList/Armor_044_Upper.bgparamlist,130
Actor/GeneralParamList/Armor_045_Head.bgparamlist,130
Actor/GeneralParamList/Armor_046_Head.bgparamlist,130
Actor/GeneralParamList/Armor_046_Lower.bgparamlist,130
Actor/GeneralParamList/Armor_046_Upper.bgparamlist,130
Actor/GeneralParamList/Armor_048_Head.bgparamlist,130
Actor/GeneralParamList/Armor_048_Lower.bgparamlist,130
Actor/GeneralParamList/Armor_048_Upper.bgparamlist,130
Actor/GeneralParamList/Armor_049_Lower.bgparamlist,130
Actor/GeneralParamList/Armor_053_Head.bgparamlist,130
Actor/GeneralParamList/Armor_053_Lower.bgparamlist,130
Actor/GeneralParamList/Armor_053_Upper.bgparamlist,130
Actor/GeneralParamList/Armor_055_Head.bgparamlist,130
Actor/GeneralParamList/Armor_056_Head.bgparamlist,130
Actor/Recipe/Armor_060_Head.brecipe,130
Actor/GeneralParamList/Armor_060_Head.bgparamlist,130
Actor/Recipe/Armor_060_Lower.brecipe,130
Actor/GeneralParamList/Armor_060_Lower.bgparamlist,130
Actor/Recipe/Armor_060_Upper.brecipe,130
Actor/GeneralParamList/Armor_060_Upper.bgparamlist,130
Actor/GeneralParamList/Armor_061_Head.bgparamlist,130
Actor/Recipe/Armor_061_Head.brecipe,130
Actor/GeneralParamList/Armor_061_Lower.bgparamlist,130
Actor/Recipe/Armor_061_Lower.brecipe,130
Actor/Recipe/Armor_061_Upper.brecipe,130
Actor/GeneralParamList/Armor_061_Upper.bgparamlist,130
Actor/Recipe/Armor_062_Head.brecipe,130
Actor/GeneralParamList/Armor_062_Head.bgparamlist,130
Actor/Recipe/Armor_062_Lower.brecipe,130
Actor/GeneralParamList/Armor_062_Lower.bgparamlist,130
Actor/GeneralParamList/Armor_062_Upper.bgparamlist,130
Actor/Recipe/Armor_062_Upper.brecipe,130
Actor/GeneralParamList/Armor_063_Head.bgparamlist,130
Actor/Recipe/Armor_063_Head.brecipe,130
Actor/GeneralParamList/Armor_063_Lower.bgparamlist,130
Actor/Recipe/Armor_063_Lower.brecipe,130
Actor/Recipe/Armor_063_Upper.brecipe,130
Actor/GeneralParamList/Armor_063_Upper.bgparamlist,130
Actor/Recipe/Armor_064_Head.brecipe,130
Actor/GeneralParamList/Armor_064_Head.bgparamlist,130
Actor/GeneralParamList/Armor_064_Lower.bgparamlist,130
Actor/Recipe/Armor_064_Lower.brecipe,130
Actor/GeneralParamList/Armor_064_Upper.bgparamlist,130
Actor/Recipe/Armor_064_Upper.brecipe,130
Actor/GeneralParamList/Armor_065_Head.bgparamlist,130
Actor/Recipe/Armor_065_Head.brecipe,130
Actor/GeneralParamList/Armor_065_Lower.bgparamlist,130
Actor/Recipe/Armor_065_Lower.brecipe,130
Actor/Recipe/Armor_065_Upper.brecipe,130
Actor/GeneralParamList/Armor_065_Upper.bgparamlist,130
Actor/GeneralParamList/Armor_066_Head.bgparamlist,130
Actor/Recipe/Armor_066_Head.brecipe,130
Actor/GeneralParamList/Armor_066_Lower.bgparamlist,130
Actor/Recipe/Armor_066_Lower.brecipe,130
Actor/GeneralParamList/Armor_066_Upper.bgparamlist,130
Actor/Recipe/Armor_066_Upper.brecipe,130
Actor/Recipe/Armor_067_Head.brecipe,130
Actor/GeneralParamList/Armor_067_Head.bgparamlist,130
Actor/GeneralParamList/Armor_067_Lower.bgparamlist,130
Actor/Recipe/Armor_067_Lower.brecipe,130
Actor/Recipe/Armor_067_Upper.brecipe,130
Actor/GeneralParamList/Armor_067_Upper.bgparamlist,130
Actor/Recipe/Armor_071_Head.brecipe,130
Actor/GeneralParamList/Armor_071_Head.bgparamlist,130
Actor/Recipe/Armor_071_Lower.brecipe,130
Actor/GeneralParamList/Armor_071_Lower.bgparamlist,130
Actor/GeneralParamList/Armor_071_Upper.bgparamlist,130
Actor/Recipe/Armor_071_Upper.brecipe,130
Actor/GeneralParamList/Armor_072_Head.bgparamlist,130
Actor/Recipe/Armor_072_Head.brecipe,130
Actor/GeneralParamList/Armor_072_Lower.bgparamlist,130
Actor/Recipe/Armor_072_Lower.brecipe,130
Actor/GeneralParamList/Armor_072_Upper.bgparamlist,130
Actor/Recipe/Armor_072_Upper.brecipe,130
Actor/Recipe/Armor_073_Head.brecipe,130
Actor/GeneralParamList/Armor_073_Head.bgparamlist,130
Actor/Recipe/Armor_073_Lower.brecipe,130
Actor/GeneralParamList/Armor_073_Lower.bgparamlist,130
Actor/GeneralParamList/Armor_073_Upper.bgparamlist,130
Actor/Recipe/Armor_073_Upper.brecipe,130
Actor/GeneralParamList/Armor_074_Head.bgparamlist,130
Actor/Recipe/Armor_074_Head.brecipe,130
Actor/GeneralParamList/Armor_074_Lower.bgparamlist,130
Actor/Recipe/Armor_074_Lower.brecipe,130
Actor/Recipe/Armor_074_Upper.brecipe,130
Actor/GeneralParamList/Armor_074_Upper.bgparamlist,130
Actor/GeneralParamList/Armor_075_Head.bgparamlist,130
Actor/Recipe/Armor_075_Head.brecipe,130
Actor/Recipe/Armor_075_Lower.brecipe,130
Actor/GeneralParamList/Armor_075_Lower.bgparamlist,130
Actor/Recipe/Armor_075_Upper.brecipe,130
Actor/GeneralParamList/Armor_075_Upper.bgparamlist,130
Actor/Recipe/Armor_076_Head.brecipe,130
Actor/GeneralParamList/Armor_076_Head.bgparamlist,130
Actor/GeneralParamList/Armor_076_Lower.bgparamlist,130
Actor/Recipe/Armor_076_Lower.brecipe,130
Actor/Recipe/Armor_076_Upper.brecipe,130
Actor/GeneralParamList/Armor_076_Upper.bgparamlist,130
Actor/Recipe/Armor_077_Head.brecipe,130
Actor/GeneralParamList/Armor_077_Head.bgparamlist,130
Actor/GeneralParamList/Armor_077_Head.bgparamlist,130
Actor/GeneralParamList/Armor_077_Lower.bgparamlist,130
Actor/Recipe/Armor_077_Lower.brecipe,130
Actor/GeneralParamList/Armor_077_Upper.bgparamlist,130
Actor/Recipe/Armor_077_Upper.brecipe,130
Actor/Recipe/Armor_078_Head.brecipe,130
Actor/GeneralParamList/Armor_078_Head.bgparamlist,130
Actor/GeneralParamList/Armor_078_Head.bgparamlist,130
Actor/GeneralParamList/Armor_078_Lower.bgparamlist,130
Actor/Recipe/Armor_078_Lower.brecipe,130
Actor/Recipe/Armor_078_Upper.brecipe,130
Actor/GeneralParamList/Armor_078_Upper.bgparamlist,130
Actor/GeneralParamList/Armor_079_Head.bgparamlist,130
Actor/Recipe/Armor_079_Head.brecipe,130
Actor/GeneralParamList/Armor_079_Head.bgparamlist,130
Actor/GeneralParamList/Armor_079_Lower.bgparamlist,130
Actor/Recipe/Armor_079_Lower.brecipe,130
Actor/GeneralParamList/Armor_079_Upper.bgparamlist,130
Actor/Recipe/Armor_079_Upper.brecipe,130
Actor/GeneralParamList/Armor_083_Head.bgparamlist,130
Actor/Recipe/Armor_083_Head.brecipe,130
Actor/Recipe/Armor_083_Lower.brecipe,130
Actor/GeneralParamList/Armor_083_Lower.bgparamlist,130
Actor/GeneralParamList/Armor_083_Upper.bgparamlist,130
Actor/Recipe/Armor_083_Upper.brecipe,130
Actor/GeneralParamList/Armor_084_Head.bgparamlist,130
Actor/Recipe/Armor_084_Head.brecipe,130
Actor/Recipe/Armor_084_Lower.brecipe,130
Actor/GeneralParamList/Armor_084_Lower.bgparamlist,130
Actor/GeneralParamList/Armor_084_Upper.bgparamlist,130
Actor/Recipe/Armor_084_Upper.brecipe,130
Actor/GeneralParamList/Armor_085_Head.bgparamlist,130
Actor/Recipe/Armor_085_Head.brecipe,130
Actor/GeneralParamList/Armor_085_Lower.bgparamlist,130
Actor/Recipe/Armor_085_Lower.brecipe,130
Actor/GeneralParamList/Armor_085_Upper.bgparamlist,130
Actor/Recipe/Armor_085_Upper.brecipe,130
Actor/Recipe/Armor_086_Head.brecipe,130
Actor/GeneralParamList/Armor_086_Head.bgparamlist,130
Actor/Recipe/Armor_086_Lower.brecipe,130
Actor/GeneralParamList/Armor_086_Lower.bgparamlist,130
Actor/GeneralParamList/Armor_086_Upper.bgparamlist,130
Actor/Recipe/Armor_086_Upper.brecipe,130
Actor/Recipe/Armor_087_Head.brecipe,130
Actor/GeneralParamList/Armor_087_Head.bgparamlist,130
Actor/GeneralParamList/Armor_087_Lower.bgparamlist,130
Actor/Recipe/Armor_087_Lower.brecipe,130
Actor/GeneralParamList/Armor_087_Upper.bgparamlist,130
Actor/Recipe/Armor_087_Upper.brecipe,130
Actor/Recipe/Armor_088_Head.brecipe,130
Actor/GeneralParamList/Armor_088_Head.bgparamlist,130
Actor/Recipe/Armor_088_Lower.brecipe,130
Actor/GeneralParamList/Armor_088_Lower.bgparamlist,130
Actor/Recipe/Armor_088_Upper.brecipe,130
Actor/GeneralParamList/Armor_088_Upper.bgparamlist,130
Actor/Recipe/Armor_089_Head.brecipe,130
Actor/GeneralParamList/Armor_089_Head.bgparamlist,130
Actor/GeneralParamList/Armor_089_Lower.bgparamlist,130
Actor/Recipe/Armor_089_Lower.brecipe,130
Actor/Recipe/Armor_089_Upper.brecipe,130
Actor/GeneralParamList/Armor_089_Upper.bgparamlist,130
Actor/GeneralParamList/Armor_090_Head.bgparamlist,130
Actor/Recipe/Armor_090_Head.brecipe,130
Actor/GeneralParamList/Armor_090_Lower.bgparamlist,130
Actor/Recipe/Armor_090_Lower.brecipe,130
Actor/Recipe/Armor_090_Upper.brecipe,130
Actor/GeneralParamList/Armor_090_Upper.bgparamlist,130
Actor/Recipe/Armor_095_Head.brecipe,130
Actor/GeneralParamList/Armor_095_Head.bgparamlist,130
Actor/Recipe/Armor_095_Lower.brecipe,130
Actor/GeneralParamList/Armor_095_Lower.bgparamlist,130
Actor/GeneralParamList/Armor_095_Upper.bgparamlist,130
Actor/Recipe/Armor_095_Upper.brecipe,130
Actor/Recipe/Armor_096_Head.brecipe,130
Actor/GeneralParamList/Armor_096_Head.bgparamlist,130
Actor/Recipe/Armor_096_Lower.brecipe,130
Actor/GeneralParamList/Armor_096_Lower.bgparamlist,130
Actor/Recipe/Armor_096_Upper.brecipe,130
Actor/GeneralParamList/Armor_096_Upper.bgparamlist,130
Actor/Recipe/Armor_097_Head.brecipe,130
Actor/GeneralParamList/Armor_097_Head.bgparamlist,130
Actor/Recipe/Armor_097_Lower.brecipe,130
Actor/GeneralParamList/Armor_097_Lower.bgparamlist,130
Actor/GeneralParamList/Armor_097_Upper.bgparamlist,130
Actor/Recipe/Armor_097_Upper.brecipe,130
Actor/Recipe/Armor_098_Head.brecipe,130
Actor/GeneralParamList/Armor_098_Head.bgparamlist,130
Actor/GeneralParamList/Armor_098_Lower.bgparamlist,130
Actor/Recipe/Armor_098_Lower.brecipe,130
Actor/GeneralParamList/Armor_098_Upper.bgparamlist,130
Actor/Recipe/Armor_098_Upper.brecipe,130
Actor/Recipe/Armor_099_Head.brecipe,130
Actor/GeneralParamList/Armor_099_Head.bgparamlist,130
Actor/Recipe/Armor_099_Lower.brecipe,130
Actor/GeneralParamList/Armor_099_Lower.bgparamlist,130
Actor/GeneralParamList/Armor_099_Upper.bgparamlist,130
Actor/Recipe/Armor_099_Upper.brecipe,130
Actor/GeneralParamList/Armor_100_Head.bgparamlist,130
Actor/Recipe/Armor_100_Head.brecipe,130
Actor/GeneralParamList/Armor_100_Lower.bgparamlist,130
Actor/Recipe/Armor_100_Lower.brecipe,130
Actor/GeneralParamList/Armor_100_Upper.bgparamlist,130
Actor/Recipe/Armor_100_Upper.brecipe,130
Actor/GeneralParamList/Armor_101_Head.bgparamlist,130
Actor/Recipe/Armor_101_Head.brecipe,130
Actor/Recipe/Armor_101_Lower.brecipe,130
Actor/GeneralParamList/Armor_101_Lower.bgparamlist,130
Actor/GeneralParamList/Armor_101_Upper.bgparamlist,130
Actor/Recipe/Armor_101_Upper.brecipe,130
Actor/Recipe/Armor_102_Head.brecipe,130
Actor/GeneralParamList/Armor_102_Head.bgparamlist,130
Actor/GeneralParamList/Armor_102_Lower.bgparamlist,130
Actor/Recipe/Armor_102_Lower.brecipe,130
Actor/GeneralParamList/Armor_102_Upper.bgparamlist,130
Actor/Recipe/Armor_102_Upper.brecipe,130
Actor/GeneralParamList/Armor_103_Head.bgparamlist,130
Actor/Recipe/Armor_103_Head.brecipe,130
Actor/Recipe/Armor_103_Lower.brecipe,130
Actor/GeneralParamList/Armor_103_Lower.bgparamlist,130
Actor/Recipe/Armor_103_Upper.brecipe,130
Actor/GeneralParamList/Armor_103_Upper.bgparamlist,130
Actor/Recipe/Armor_104_Head.brecipe,130
Actor/GeneralParamList/Armor_104_Head.bgparamlist,130
Actor/GeneralParamList/Armor_104_Lower.bgparamlist,130
Actor/Recipe/Armor_104_Lower.brecipe,130
Actor/Recipe/Armor_104_Upper.brecipe,130
Actor/GeneralParamList/Armor_104_Upper.bgparamlist,130
Actor/GeneralParamList/Armor_105_Head.bgparamlist,130
Actor/Recipe/Armor_105_Head.brecipe,130
Actor/GeneralParamList/Armor_105_Lower.bgparamlist,130
Actor/Recipe/Armor_105_Lower.brecipe,130
Actor/Recipe/Armor_105_Upper.brecipe,130
Actor/GeneralParamList/Armor_105_Upper.bgparamlist,130
Actor/Recipe/Armor_106_Head.brecipe,130
Actor/GeneralParamList/Armor_106_Head.bgparamlist,130
Actor/GeneralParamList/Armor_106_Lower.bgparamlist,130
Actor/Recipe/Armor_106_Lower.brecipe,130
Actor/Recipe/Armor_106_Upper.brecipe,130
Actor/GeneralParamList/Armor_106_Upper.bgparamlist,130
Actor/Recipe/Armor_111_Head.brecipe,130
Actor/GeneralParamList/Armor_111_Head.bgparamlist,130
Actor/GeneralParamList/Armor_111_Lower.bgparamlist,130
Actor/Recipe/Armor_111_Lower.brecipe,130
Actor/GeneralParamList/Armor_111_Upper.bgparamlist,130
Actor/Recipe/Armor_111_Upper.brecipe,130
Actor/Recipe/Armor_112_Head.brecipe,130
Actor/GeneralParamList/Armor_112_Head.bgparamlist,130
Actor/Recipe/Armor_112_Lower.brecipe,130
Actor/GeneralParamList/Armor_112_Lower.bgparamlist,130
Actor/GeneralParamList/Armor_112_Upper.bgparamlist,130
Actor/Recipe/Armor_112_Upper.brecipe,130
Actor/Recipe/Armor_113_Head.brecipe,130
Actor/GeneralParamList/Armor_113_Head.bgparamlist,130
Actor/GeneralParamList/Armor_113_Lower.bgparamlist,130
Actor/Recipe/Armor_113_Lower.brecipe,130
Actor/GeneralParamList/Armor_113_Upper.bgparamlist,130
Actor/Recipe/Armor_113_Upper.brecipe,130
Actor/GeneralParamList/Armor_114_Head.bgparamlist,130
Actor/Recipe/Armor_114_Head.brecipe,130
Actor/Recipe/Armor_114_Lower.brecipe,130
Actor/GeneralParamList/Armor_114_Lower.bgparamlist,130
Actor/GeneralParamList/Armor_114_Upper.bgparamlist,130
Actor/Recipe/Armor_114_Upper.brecipe,130
Actor/GeneralParamList/Armor_115_Head.bgparamlist,130
Actor/GeneralParamList/Armor_116_Upper.bgparamlist,130
Actor/Recipe/Armor_117_Head.brecipe,130
Actor/GeneralParamList/Armor_117_Head.bgparamlist,130
Actor/GeneralParamList/Armor_118_Head.bgparamlist,130
Actor/Recipe/Armor_118_Head.brecipe,130
Actor/GeneralParamList/Armor_119_Head.bgparamlist,130
Actor/Recipe/Armor_119_Head.brecipe,130
Actor/GeneralParamList/Armor_120_Head.bgparamlist,130
Actor/Recipe/Armor_120_Head.brecipe,130
Actor/Recipe/Armor_121_Head.brecipe,130
Actor/GeneralParamList/Armor_121_Head.bgparamlist,130
Actor/Recipe/Armor_122_Head.brecipe,130
Actor/GeneralParamList/Armor_122_Head.bgparamlist,130
Actor/GeneralParamList/Armor_123_Head.bgparamlist,130
Actor/Recipe/Armor_123_Head.brecipe,130
Actor/Recipe/Armor_124_Head.brecipe,130
Actor/GeneralParamList/Armor_124_Head.bgparamlist,130
Actor/GeneralParamList/Armor_125_Head.bgparamlist,130
Actor/Recipe/Armor_125_Head.brecipe,130
Actor/Recipe/Armor_126_Head.brecipe,130
Actor/GeneralParamList/Armor_126_Head.bgparamlist,130
Actor/GeneralParamList/Armor_127_Head.bgparamlist,130
Actor/Recipe/Armor_127_Head.brecipe,130
Actor/GeneralParamList/Armor_128_Head.bgparamlist,130
Actor/Recipe/Armor_128_Head.brecipe,130
Actor/GeneralParamList/Armor_129_Head.bgparamlist,130
Actor/Recipe/Armor_129_Head.brecipe,130
Actor/Recipe/Armor_130_Head.brecipe,130
Actor/GeneralParamList/Armor_130_Head.bgparamlist,130
Actor/Recipe/Armor_131_Head.brecipe,130
Actor/GeneralParamList/Armor_131_Head.bgparamlist,130
Actor/Recipe/Armor_132_Head.brecipe,130
Actor/GeneralParamList/Armor_132_Head.bgparamlist,130
Actor/Recipe/Armor_133_Head.brecipe,130
Actor/GeneralParamList/Armor_133_Head.bgparamlist,130
Actor/GeneralParamList/Armor_134_Head.bgparamlist,130
Actor/Recipe/Armor_134_Head.brecipe,130
Actor/Recipe/Armor_135_Head.brecipe,130
Actor/GeneralParamList/Armor_135_Head.bgparamlist,130
Actor/GeneralParamList/Armor_136_Head.bgparamlist,130
Actor/Recipe/Armor_136_Head.brecipe,130
Actor/GeneralParamList/Armor_137_Head.bgparamlist,130
Actor/Recipe/Armor_137_Head.brecipe,130
Actor/GeneralParamList/Armor_138_Head.bgparamlist,130
Actor/Recipe/Armor_138_Head.brecipe,130
Actor/GeneralParamList/Armor_139_Head.bgparamlist,130
Actor/Recipe/Armor_139_Head.brecipe,130
Actor/Recipe/Armor_140_Head.brecipe,130
Actor/GeneralParamList/Armor_140_Head.bgparamlist,130
Actor/GeneralParamList/Armor_140_Lower.bgparamlist,130
Actor/GeneralParamList/Armor_141_Lower.bgparamlist,130
Actor/Recipe/Armor_148_Upper.brecipe,130
Actor/GeneralParamList/Armor_148_Upper.bgparamlist,130
Actor/GeneralParamList/Armor_149_Upper.bgparamlist,130
Actor/Recipe/Armor_149_Upper.brecipe,130
Actor/GeneralParamList/Armor_150_Upper.bgparamlist,130
Actor/Recipe/Armor_150_Upper.brecipe,130
Actor/Recipe/Armor_151_Upper.brecipe,130
Actor/GeneralParamList/Armor_151_Upper.bgparamlist,130
Actor/Recipe/Armor_152_Lower.brecipe,130
Actor/GeneralParamList/Armor_152_Lower.bgparamlist,130
Actor/GeneralParamList/Armor_153_Lower.bgparamlist,130
Actor/Recipe/Armor_153_Lower.brecipe,130
Actor/Recipe/Armor_154_Lower.brecipe,130
Actor/GeneralParamList/Armor_154_Lower.bgparamlist,130
Actor/GeneralParamList/Armor_155_Lower.bgparamlist,130
Actor/Recipe/Armor_155_Lower.brecipe,130
Actor/Recipe/Armor_156_Lower.brecipe,130
Actor/GeneralParamList/Armor_156_Lower.bgparamlist,130
Actor/GeneralParamList/Armor_157_Lower.bgparamlist,130
Actor/Recipe/Armor_157_Lower.brecipe,130
Actor/Recipe/Armor_158_Lower.brecipe,130
Actor/GeneralParamList/Armor_158_Lower.bgparamlist,130
Actor/GeneralParamList/Armor_159_Lower.bgparamlist,130
Actor/Recipe/Armor_159_Lower.brecipe,130
Actor/GeneralParamList/Armor_160_Head.bgparamlist,130
Actor/GeneralParamList/Armor_160_Lower.bgparamlist,130
Actor/GeneralParamList/Armor_160_Upper.bgparamlist,130
Actor/GeneralParamList/Armor_168_Head.bgparamlist,130
Actor/Recipe/Armor_169_Head.brecipe,130
Actor/GeneralParamList/Armor_169_Head.bgparamlist,130
Actor/GeneralParamList/Armor_170_Upper.bgparamlist,130
Actor/GeneralParamList/Armor_171_Head.bgparamlist,130
Actor/GeneralParamList/Armor_171_Lower.bgparamlist,130
Actor/GeneralParamList/Armor_171_Upper.bgparamlist,130
Actor/GeneralParamList/Armor_172_Head.bgparamlist,130
Actor/GeneralParamList/Armor_173_Head.bgparamlist,130
Actor/GeneralParamList/Armor_174_Head.bgparamlist,130
Actor/GeneralParamList/Armor_174_Lower.bgparamlist,130
Actor/GeneralParamList/Armor_174_Upper.bgparamlist,130
Actor/GeneralParamList/Armor_175_Upper.bgparamlist,130
Actor/GeneralParamList/Armor_176_Head.bgparamlist,130
Actor/GeneralParamList/Armor_177_Head.bgparamlist,130
Actor/GeneralParamList/Armor_177_Head.bgparamlist,130
Actor/GeneralParamList/Armor_178_Head.bgparamlist,130
Actor/GeneralParamList/Armor_178_Head.bgparamlist,130
Actor/GeneralParamList/Armor_179_Head.bgparamlist,130
Actor/GeneralParamList/Armor_179_Lower.bgparamlist,130
Actor/GeneralParamList/Armor_179_Upper.bgparamlist,130
Actor/GeneralParamList/Armor_180_Head.bgparamlist,130
Actor/GeneralParamList/Armor_180_Lower.bgparamlist,130
Actor/GeneralParamList/Armor_180_Upper.bgparamlist,130
Actor/GeneralParamList/Armor_181_Head.bgparamlist,130
Actor/GeneralParamList/Armor_182_Head.bgparamlist,130
Actor/GeneralParamList/Armor_183_Head.bgparamlist,130
Actor/GeneralParamList/Armor_184_Head.bgparamlist,130
Actor/GeneralParamList/Armor_185_Head.bgparamlist,130
Actor/GeneralParamList/Armor_185_Lower.bgparamlist,130
Actor/GeneralParamList/Armor_185_Upper.bgparamlist,130
Actor/GeneralParamList/Armor_186_Head.bgparamlist,130
Actor/Recipe/Armor_186_Head.brecipe,130
Actor/GeneralParamList/Armor_187_Head.bgparamlist,130
Actor/Recipe/Armor_187_Head.brecipe,130
Actor/GeneralParamList/Armor_188_Head.bgparamlist,130
Actor/GeneralParamList/Armor_189_Head.bgparamlist,130
Actor/Recipe/Armor_189_Head.brecipe,130
Actor/Recipe/Armor_190_Head.brecipe,130
Actor/GeneralParamList/Armor_190_Head.bgparamlist,130
Actor/GeneralParamList/Armor_191_Head.bgparamlist,130
Actor/Recipe/Armor_191_Head.brecipe,130
Actor/GeneralParamList/Armor_192_Head.bgparamlist,130
Actor/GeneralParamList/Armor_193_Head.bgparamlist,130
Actor/Recipe/Armor_193_Head.brecipe,130
Actor/Recipe/Armor_194_Head.brecipe,130
Actor/GeneralParamList/Armor_194_Head.bgparamlist,130
Actor/GeneralParamList/Armor_195_Head.bgparamlist,130
Actor/Recipe/Armor_195_Head.brecipe,130
Actor/GeneralParamList/Armor_196_Head.bgparamlist,130
Actor/Recipe/Armor_197_Head.brecipe,130
Actor/GeneralParamList/Armor_197_Head.bgparamlist,130
Actor/GeneralParamList/Armor_198_Head.bgparamlist,130
Actor/Recipe/Armor_198_Head.brecipe,130
Actor/Recipe/Armor_199_Head.brecipe,130
Actor/GeneralParamList/Armor_199_Head.bgparamlist,130
Actor/GeneralParamList/Armor_200_Head.bgparamlist,130
Actor/GeneralParamList/Armor_200_Lower.bgparamlist,130
Actor/GeneralParamList/Armor_200_Upper.bgparamlist,130
Actor/GeneralParamList/Armor_201_Head.bgparamlist,130
Actor/Recipe/Armor_201_Head.brecipe,130
Actor/GeneralParamList/Armor_201_Lower.bgparamlist,130
Actor/Recipe/Armor_201_Lower.brecipe,130
Actor/Recipe/Armor_201_Upper.brecipe,130
Actor/GeneralParamList/Armor_201_Upper.bgparamlist,130
Actor/GeneralParamList/Armor_202_Head.bgparamlist,130
Actor/Recipe/Armor_202_Head.brecipe,130
Actor/GeneralParamList/Armor_202_Lower.bgparamlist,130
Actor/Recipe/Armor_202_Lower.brecipe,130
Actor/GeneralParamList/Armor_202_Upper.bgparamlist,130
Actor/Recipe/Armor_202_Upper.brecipe,130
Actor/GeneralParamList/Armor_203_Head.bgparamlist,130
Actor/Recipe/Armor_203_Head.brecipe,130
Actor/Recipe/Armor_203_Lower.brecipe,130
Actor/GeneralParamList/Armor_203_Lower.bgparamlist,130
Actor/Recipe/Armor_203_Upper.brecipe,130
Actor/GeneralParamList/Armor_203_Upper.bgparamlist,130
Actor/Recipe/Armor_204_Head.brecipe,130
Actor/GeneralParamList/Armor_204_Head.bgparamlist,130
Actor/Recipe/Armor_204_Lower.brecipe,130
Actor/GeneralParamList/Armor_204_Lower.bgparamlist,130
Actor/GeneralParamList/Armor_204_Upper.bgparamlist,130
Actor/Recipe/Armor_204_Upper.brecipe,130
Actor/GeneralParamList/Armor_205_Head.bgparamlist,130
Actor/GeneralParamList/Armor_205_Lower.bgparamlist,130
Actor/GeneralParamList/Armor_205_Upper.bgparamlist,130
Actor/GeneralParamList/Armor_206_Head.bgparamlist,130
Actor/Recipe/Armor_206_Head.brecipe,130
Actor/Recipe/Armor_206_Lower.brecipe,130
Actor/GeneralParamList/Armor_206_Lower.bgparamlist,130
Actor/GeneralParamList/Armor_206_Upper.bgparamlist,130
Actor/Recipe/Armor_206_Upper.brecipe,130
Actor/Recipe/Armor_207_Head.brecipe,130
Actor/GeneralParamList/Armor_207_Head.bgparamlist,130
Actor/Recipe/Armor_207_Lower.brecipe,130
Actor/GeneralParamList/Armor_207_Lower.bgparamlist,130
Actor/GeneralParamList/Armor_207_Upper.bgparamlist,130
Actor/Recipe/Armor_207_Upper.brecipe,130
Actor/GeneralParamList/Armor_208_Head.bgparamlist,130
Actor/Recipe/Armor_208_Head.brecipe,130
Actor/Recipe/Armor_208_Lower.brecipe,130
Actor/GeneralParamList/Armor_208_Lower.bgparamlist,130
Actor/GeneralParamList/Armor_208_Upper.bgparamlist,130
Actor/Recipe/Armor_208_Upper.brecipe,130
Actor/Recipe/Armor_209_Head.brecipe,130
Actor/GeneralParamList/Armor_209_Head.bgparamlist,130
Actor/GeneralParamList/Armor_209_Lower.bgparamlist,130
Actor/Recipe/Armor_209_Lower.brecipe,130
Actor/GeneralParamList/Armor_209_Upper.bgparamlist,130
Actor/Recipe/Armor_209_Upper.brecipe,130
Actor/GeneralParamList/Armor_210_Head.bgparamlist,130
Actor/GeneralParamList/Armor_210_Lower.bgparamlist,130
Actor/GeneralParamList/Armor_210_Upper.bgparamlist,130
Actor/GeneralParamList/Armor_211_Head.bgparamlist,130
Actor/Recipe/Armor_211_Head.brecipe,130
Actor/Recipe/Armor_211_Lower.brecipe,130
Actor/GeneralParamList/Armor_211_Lower.bgparamlist,130
Actor/Recipe/Armor_211_Upper.brecipe,130
Actor/GeneralParamList/Armor_211_Upper.bgparamlist,130
Actor/GeneralParamList/Armor_212_Head.bgparamlist,130
Actor/Recipe/Armor_212_Head.brecipe,130
Actor/GeneralParamList/Armor_212_Lower.bgparamlist,130
Actor/Recipe/Armor_212_Lower.brecipe,130
Actor/Recipe/Armor_212_Upper.brecipe,130
Actor/GeneralParamList/Armor_212_Upper.bgparamlist,130
Actor/Recipe/Armor_213_Head.brecipe,130
Actor/GeneralParamList/Armor_213_Head.bgparamlist,130
Actor/Recipe/Armor_213_Lower.brecipe,130
Actor/GeneralParamList/Armor_213_Lower.bgparamlist,130
Actor/Recipe/Armor_213_Upper.brecipe,130
Actor/GeneralParamList/Armor_213_Upper.bgparamlist,130
Actor/Recipe/Armor_214_Head.brecipe,130
Actor/GeneralParamList/Armor_214_Head.bgparamlist,130
Actor/GeneralParamList/Armor_214_Lower.bgparamlist,130
Actor/Recipe/Armor_214_Lower.brecipe,130
Actor/Recipe/Armor_214_Upper.brecipe,130
Actor/GeneralParamList/Armor_214_Upper.bgparamlist,130
Actor/GeneralParamList/Armor_215_Head.bgparamlist,130
Actor/GeneralParamList/Armor_215_Lower.bgparamlist,130
Actor/GeneralParamList/Armor_215_Upper.bgparamlist,130
Actor/Recipe/Armor_216_Head.brecipe,130
Actor/GeneralParamList/Armor_216_Head.bgparamlist,130
Actor/GeneralParamList/Armor_216_Lower.bgparamlist,130
Actor/Recipe/Armor_216_Lower.brecipe,130
Actor/Recipe/Armor_216_Upper.brecipe,130
Actor/GeneralParamList/Armor_216_Upper.bgparamlist,130
Actor/GeneralParamList/Armor_217_Head.bgparamlist,130
Actor/Recipe/Armor_217_Head.brecipe,130
Actor/GeneralParamList/Armor_217_Lower.bgparamlist,130
Actor/Recipe/Armor_217_Lower.brecipe,130
Actor/GeneralParamList/Armor_217_Upper.bgparamlist,130
Actor/Recipe/Armor_217_Upper.brecipe,130
Actor/Recipe/Armor_218_Head.brecipe,130
Actor/GeneralParamList/Armor_218_Head.bgparamlist,130
Actor/Recipe/Armor_218_Lower.brecipe,130
Actor/GeneralParamList/Armor_218_Lower.bgparamlist,130
Actor/Recipe/Armor_218_Upper.brecipe,130
Actor/GeneralParamList/Armor_218_Upper.bgparamlist,130
Actor/GeneralParamList/Armor_219_Head.bgparamlist,130
Actor/Recipe/Armor_219_Head.brecipe,130
Actor/Recipe/Armor_219_Lower.brecipe,130
Actor/GeneralParamList/Armor_219_Lower.bgparamlist,130
Actor/GeneralParamList/Armor_219_Upper.bgparamlist,130
Actor/Recipe/Armor_219_Upper.brecipe,130
Actor/GeneralParamList/Armor_220_Head.bgparamlist,130
Actor/GeneralParamList/Armor_220_Head.bgparamlist,130
Actor/GeneralParamList/Armor_221_Head.bgparamlist,130
Actor/Recipe/Armor_221_Head.brecipe,130
Actor/GeneralParamList/Armor_221_Head.bgparamlist,130
Actor/GeneralParamList/Armor_222_Head.bgparamlist,130
Actor/Recipe/Armor_222_Head.brecipe,130
Actor/GeneralParamList/Armor_222_Head.bgparamlist,130
Actor/Recipe/Armor_223_Head.brecipe,130
Actor/GeneralParamList/Armor_223_Head.bgparamlist,130
Actor/GeneralParamList/Armor_223_Head.bgparamlist,130
Actor/GeneralParamList/Armor_224_Head.bgparamlist,130
Actor/Recipe/Armor_224_Head.brecipe,130
Actor/GeneralParamList/Armor_224_Head.bgparamlist,130
Actor/GeneralParamList/Armor_225_Head.bgparamlist,130
Actor/GeneralParamList/Armor_225_Lower.bgparamlist,130
Actor/GeneralParamList/Armor_225_Upper.bgparamlist,130
Actor/GeneralParamList/Armor_226_Head.bgparamlist,130
Actor/Recipe/Armor_226_Head.brecipe,130
Actor/Recipe/Armor_226_Lower.brecipe,130
Actor/GeneralParamList/Armor_226_Lower.bgparamlist,130
Actor/Recipe/Armor_226_Upper.brecipe,130
Actor/GeneralParamList/Armor_226_Upper.bgparamlist,130
Actor/Recipe/Armor_227_Head.brecipe,130
Actor/GeneralParamList/Armor_227_Head.bgparamlist,130
Actor/GeneralParamList/Armor_227_Lower.bgparamlist,130
Actor/Recipe/Armor_227_Lower.brecipe,130
Actor/Recipe/Armor_227_Upper.brecipe,130
Actor/GeneralParamList/Armor_227_Upper.bgparamlist,130
Actor/GeneralParamList/Armor_228_Head.bgparamlist,130
Actor/Recipe/Armor_228_Head.brecipe,130
Actor/Recipe/Armor_228_Lower.brecipe,130
Actor/GeneralParamList/Armor_228_Lower.bgparamlist,130
Actor/GeneralParamList/Armor_228_Upper.bgparamlist,130
Actor/Recipe/Armor_228_Upper.brecipe,130
Actor/Recipe/Armor_229_Head.brecipe,130
Actor/GeneralParamList/Armor_229_Head.bgparamlist,130
Actor/GeneralParamList/Armor_229_Lower.bgparamlist,130
Actor/Recipe/Armor_229_Lower.brecipe,130
Actor/Recipe/Armor_229_Upper.brecipe,130
Actor/GeneralParamList/Armor_229_Upper.bgparamlist,130
Actor/GeneralParamList/Armor_230_Head.bgparamlist,130
Actor/GeneralParamList/Armor_230_Lower.bgparamlist,130
Actor/GeneralParamList/Armor_230_Upper.bgparamlist,130
Actor/Recipe/Armor_231_Head.brecipe,130
Actor/GeneralParamList/Armor_231_Head.bgparamlist,130
Actor/GeneralParamList/Armor_231_Lower.bgparamlist,130
Actor/Recipe/Armor_231_Lower.brecipe,130
Actor/GeneralParamList/Armor_231_Upper.bgparamlist,130
Actor/Recipe/Armor_231_Upper.brecipe,130
Actor/Recipe/Armor_232_Head.brecipe,130
Actor/GeneralParamList/Armor_232_Head.bgparamlist,130
Actor/Recipe/Armor_232_Lower.brecipe,130
Actor/GeneralParamList/Armor_232_Lower.bgparamlist,130
Actor/Recipe/Armor_232_Upper.brecipe,130
Actor/GeneralParamList/Armor_232_Upper.bgparamlist,130
Actor/GeneralParamList/Armor_233_Head.bgparamlist,130
Actor/Recipe/Armor_233_Head.brecipe,130
Actor/GeneralParamList/Armor_233_Lower.bgparamlist,130
Actor/Recipe/Armor_233_Lower.brecipe,130
Actor/GeneralParamList/Armor_233_Upper.bgparamlist,130
Actor/Recipe/Armor_233_Upper.brecipe,130
Actor/Recipe/Armor_234_Head.brecipe,130
Actor/GeneralParamList/Armor_234_Head.bgparamlist,130
Actor/Recipe/Armor_234_Lower.brecipe,130
Actor/GeneralParamList/Armor_234_Lower.bgparamlist,130
Actor/Recipe/Armor_234_Upper.brecipe,130
Actor/GeneralParamList/Armor_234_Upper.bgparamlist,130
Actor/DamageParam/Enemy_Bokoblin_Bone_Junior.bdmgparam,130
Actor/ActorLink/Enemy_Bokoblin_Bone_Junior.bxml,130
Actor/GeneralParamList/Bokoblin_Bone_Junior.bgparamlist,130
Actor/DamageParam/Enemy_Bokoblin_Bone_Junior.bdmgparam,130
Actor/GeneralParamList/Bokoblin_Bone_Junior_AllDay.bgparamlist,130
Actor/ActorLink/Enemy_Bokoblin_Bone_Junior_AllDay.bxml,130
Actor/DamageParam/Bokoblin_Bone_Head.bdmgparam,130
Actor/DropTable/Bokoblin_Bone_Junior.bdrop,130
Actor/ActorLink/Enemy_Bokoblin_Bone_Junior_Head.bxml,130
Actor/GeneralParamList/Bokoblin_Bone_Junior_Head.bgparamlist,130
Actor/DamageParam/Bokoblin_Bone_Head.bdmgparam,130
Actor/DropTable/Bokoblin_Bone_Junior.bdrop,130
Actor/GeneralParamList/Bokoblin_Bone_Junior_Head.bgparamlist,130
Actor/ActorLink/Enemy_Bokoblin_Bone_Junior_Head_AllDay.bxml,130
Actor/GeneralParamList/Bokoblin_Dark.bgparamlist,130
Actor/DropTable/Enemy_Bokoblin_Dark.bdrop,130
Actor/DamageParam/Enemy_Bokoblin_Senior.bdmgparam,130
Actor/GeneralParamList/Enemy_Bokoblin_Gold.bgparamlist,130
Actor/DamageParam/Enemy_Bokoblin_Gold.bdmgparam,130
Actor/DropTable/Enemy_Bokoblin_Gold.bdrop,130
Actor/GeneralParamList/Bokoblin_Guard.bgparamlist,130
Actor/DamageParam/Enemy_Bokoblin_Guard_Junior.bdmgparam,130
Actor/DropTable/Enemy_Bokoblin_Guard_Junior.bdrop,130
Actor/GeneralParamList/Enemy_Bokoblin_Guard_Junior_Ambush.bgparamlist,130
Actor/DamageParam/Enemy_Bokoblin_Guard_Junior.bdmgparam,130
Actor/DropTable/Enemy_Bokoblin_Guard_Junior.bdrop,130
Actor/GeneralParamList/Enemy_Bokoblin_Guard_Junior_Ambush.bgparamlist,130
Actor/DamageParam/Enemy_Bokoblin_Guard_Junior.bdmgparam,130
Actor/DropTable/Enemy_Bokoblin_Guard_Junior.bdrop,130
Actor/GeneralParamList/Bokoblin_Middle.bgparamlist,130
Actor/DropTable/Enemy_Bokoblin_Guard_Middle.bdrop,130
Actor/DamageParam/Enemy_Bokoblin_Guard_Junior.bdmgparam,130
Actor/GeneralParamList/Bokoblin_Middle.bgparamlist,130
Actor/DropTable/Enemy_Bokoblin_Guard_Middle.bdrop,130
Actor/DamageParam/Enemy_Bokoblin_Guard_Junior.bdmgparam,130
Actor/GeneralParamList/Bokoblin_Middle.bgparamlist,130
Actor/DropTable/Enemy_Bokoblin_Guard_Middle.bdrop,130
Actor/DamageParam/Enemy_Bokoblin_Guard_Junior.bdmgparam,130
Actor/GeneralParamList/Bokoblin_Junior.bgparamlist,130
Actor/DamageParam/Enemy_Bokoblin_Junior.bdmgparam,130
Actor/DropTable/Bokoblin_Junior.bdrop,130
Actor/GeneralParamList/Bokoblin_Middle.bgparamlist,130
Actor/DropTable/Bokoblin_Middle.bdrop,130
Actor/DamageParam/Enemy_Bokoblin_Middle.bdmgparam,130
Actor/GeneralParamList/Bokoblin_Senior.bgparamlist,130
Actor/DropTable/Bokoblin_Senior.bdrop,130
Actor/DamageParam/Enemy_Bokoblin_Senior.bdmgparam,130
Actor/DamageParam/Enemy_Chuchu_Electric_Junior.bdmgparam,130
Actor/DropTable/Chuchu_Elec.bdrop,130
Actor/GeneralParamList/Enemy_Chuchu_Electric_Junior.bgparamlist,130
Actor/GeneralParamList/Enemy_Chuchu_Electric_Middle.bgparamlist,130
Actor/DropTable/Enemy_Chuchu_Electric_Middle.bdrop,130
Actor/DamageParam/Enemy_Chuchu_Electric_Middle.bdmgparam,130
Actor/DropTable/Enemy_Chuchu_Electric_Senior.bdrop,130
Actor/DamageParam/Enemy_Chuchu_Electric_Senior.bdmgparam,130
Actor/GeneralParamList/Enemy_Chuchu_Electric_Senior.bgparamlist,130
Actor/DamageParam/Enemy_Chuchu_Fire_Junior.bdmgparam,130
Actor/GeneralParamList/Enemy_Chuchu_Fire_Junior.bgparamlist,130
Actor/DropTable/Chuchu_Fire.bdrop,130
Actor/DropTable/Enemy_Chuchu_Fire_Middle.bdrop,130
Actor/DamageParam/Enemy_Chuchu_Fire_Middle.bdmgparam,130
Actor/GeneralParamList/Enemy_Chuchu_Fire_Middle.bgparamlist,130
Actor/DropTable/Enemy_Chuchu_Fire_Senior.bdrop,130
Actor/GeneralParamList/Enemy_Chuchu_Fire_Senior.bgparamlist,130
Actor/DamageParam/Enemy_Chuchu_Fire_Senior.bdmgparam,130
Actor/DropTable/Chuchu_Ice.bdrop,130
Actor/GeneralParamList/Enemy_Chuchu_Ice_Junior.bgparamlist,130
Actor/DamageParam/Enemy_Chuchu_Ice_Junior.bdmgparam,130
Actor/DamageParam/Enemy_Chuchu_Ice_Middle.bdmgparam,130
Actor/GeneralParamList/Enemy_Chuchu_Ice_Middle.bgparamlist,130
Actor/DropTable/Enemy_Chuchu_Ice_Middle.bdrop,130
Actor/DamageParam/Enemy_Chuchu_Ice_Senior.bdmgparam,130
Actor/GeneralParamList/Enemy_Chuchu_Ice_Senior.bgparamlist,130
Actor/DropTable/Enemy_Chuchu_Ice_Senior.bdrop,130
Actor/DamageParam/Enemy_Chuchu_Junior.bdmgparam,130
Actor/GeneralParamList/Enemy_Chuchu_Junior.bgparamlist,130
Actor/DropTable/Chuchu_Normal.bdrop,130
Actor/DropTable/Enemy_Chuchu_Middle.bdrop,130
Actor/GeneralParamList/Enemy_Chuchu_Middle.bgparamlist,130
Actor/DamageParam/Enemy_Chuchu_Middle.bdmgparam,130
Actor/DropTable/Enemy_Chuchu_Senior.bdrop,130
Actor/GeneralParamList/Enemy_Chuchu_Senior.bgparamlist,130
Actor/DamageParam/Enemy_Chuchu_Senior.bdmgparam,130
Actor/AIProgram/GanonGrudge.baiprog,130
Actor/GeneralParamList/Enemy_GanonGrudge.bgparamlist,130
Actor/DamageParam/Enemy_GanonGrudge.bdmgparam,130
Actor/AIProgram/GanonGrudge_Moriblin.baiprog,130
Actor/GeneralParamList/GanonGrudge_Moriblin.bgparamlist,130
Actor/DamageParam/Enemy_GanonGrudge.bdmgparam,130
Actor/GeneralParamList/GanonGrudge_Lizalfos.bgparamlist,130
Actor/AIProgram/GanonGrudge_Lizalfos.baiprog,130
Actor/DamageParam/Enemy_GanonGrudge.bdmgparam,130
Actor/DropTable/Enemy_Giant_Bone.bdrop,130
Actor/DamageParam/Enemy_Giant_Bone.bdmgparam,130
Actor/GeneralParamList/Enemy_Giant_Bone.bgparamlist,130
Actor/DropTable/Enemy_Giant_Bone.bdrop,130
Actor/GeneralParamList/Enemy_Giant_Bone_AllDay.bgparamlist,130
Actor/DamageParam/Enemy_Giant_Bone.bdmgparam,130
Actor/GeneralParamList/Enemy_Giant_Bone_Eye.bgparamlist,130
Actor/DamageParam/Enemy_Giant_Bone_Eye.bdmgparam,130
Actor/GeneralParamList/Enemy_Giant_Bone_Eye.bgparamlist,130
Actor/DamageParam/Enemy_Giant_Bone_Eye.bdmgparam,130
Actor/GeneralParamList/Enemy_Giant_Junior.bgparamlist,130
Actor/DropTable/Enemy_Giant_Junior.bdrop,130
Actor/DamageParam/Enemy_Giant.bdmgparam,130
Actor/GeneralParamList/Enemy_Giant_Middle.bgparamlist,130
Actor/DamageParam/Enemy_Giant.bdmgparam,130
Actor/DropTable/Enemy_Giant_Middle.bdrop,130
Actor/GeneralParamList/Enemy_Giant_Senior.bgparamlist,130
Actor/DropTable/Enemy_Giant_Senior.bdrop,130
Actor/DamageParam/Enemy_Giant.bdmgparam,130
Actor/GeneralParamList/Enemy_Golem_Fire.bgparamlist,130
Actor/DamageParam/Enemy_Golem.bdmgparam,130
Actor/GeneralParamList/Enemy_Golem_Fire_R.bgparamlist,130
Actor/DamageParam/Enemy_Golem.bdmgparam,130
Actor/GeneralParamList/Enemy_Golem_Ice.bgparamlist,130
Actor/DamageParam/Enemy_Golem.bdmgparam,130
Actor/GeneralParamList/Enemy_Golem.bgparamlist,130
Actor/DamageParam/Enemy_Golem.bdmgparam,130
Actor/GeneralParamList/Enemy_Golem_Little.bgparamlist,130
Actor/DamageParam/Golem_Mini.bdmgparam,130
Actor/DamageParam/Golem_Mini.bdmgparam,130
Actor/GeneralParamList/Enemy_Golem_Little_Fire.bgparamlist,130
Actor/GeneralParamList/Enemy_Golem_Little_Ice.bgparamlist,130
Actor/DamageParam/Golem_Mini.bdmgparam,130
Actor/GeneralParamList/Enemy_Golem_Middle.bgparamlist,130
Actor/DamageParam/Enemy_Golem.bdmgparam,130
Actor/GeneralParamList/Enemy_Golem_Senior.bgparamlist,130
Actor/DamageParam/Enemy_Golem.bdmgparam,130
Actor/GeneralParamList/Enemy_Guardian_A.bgparamlist,130
Actor/DamageParam/Guardian.bdmgparam,130
Actor/AIProgram/Guardian_A.baiprog,130
Actor/AIProgram/GuardianNoMove.baiprog,130
Actor/DamageParam/Guardian_Fixed.bdmgparam,130
Actor/GeneralParamList/Enemy_Guardian_A_Fixed.bgparamlist,130
Actor/AIProgram/GuardianNoMove.baiprog,130
Actor/DamageParam/Guardian_Fixed.bdmgparam,130
Actor/GeneralParamList/Enemy_Guardian_A_Fixed.bgparamlist,130
Actor/AIProgram/GuardianNoMove.baiprog,130
Actor/DamageParam/Guardian_Fixed.bdmgparam,130
Actor/GeneralParamList/Enemy_Guardian_A_Fixed.bgparamlist,130
Actor/GeneralParamList/Enemy_Guardian_A.bgparamlist,130
Actor/DamageParam/Guardian.bdmgparam,130
Actor/AIProgram/Guardian_A.baiprog,130
Actor/GeneralParamList/Enemy_Guardian_A.bgparamlist,130
Actor/DamageParam/Guardian.bdmgparam,130
Actor/AIProgram/Guardian_A.baiprog,130
Actor/GeneralParamList/Enemy_Guardian_A.bgparamlist,130
Actor/DamageParam/Guardian.bdmgparam,130
Actor/AIProgram/Guardian_A.baiprog,130
Actor/GeneralParamList/Enemy_Guardian_B.bgparamlist,130
Actor/DamageParam/Guardian_Fixed.bdmgparam,130
Actor/AIProgram/Guardian_B.baiprog,130
Actor/DropTable/Enemy_Guardian_B.bdrop,130
Actor/GeneralParamList/Enemy_Guardian_B.bgparamlist,130
Actor/DamageParam/Guardian_Fixed.bdmgparam,130
Actor/AIProgram/Guardian_B.baiprog,130
Actor/AIProgram/GuardianFlight.baiprog,130
Actor/GeneralParamList/Enemy_Guardian_C.bgparamlist,130
Actor/DamageParam/Guardian.bdmgparam,130
Actor/DropTable/Guardian_A_00.bdrop,130
Actor/AIProgram/GuardianFlight.baiprog,130
Actor/GeneralParamList/Enemy_Guardian_C.bgparamlist,130
Actor/DamageParam/Guardian.bdmgparam,130
Actor/DropTable/Guardian_A_00.bdrop,130
Actor/GeneralParamList/Guardian_Mini_Baby.bgparamlist,130
Actor/DamageParam/Enemy_Guardian_Mini_Baby.bdmgparam,130
Actor/GeneralParamList/Enemy_Guardian_Mini_Baby_Dark.bgparamlist,130
Actor/DamageParam/Enemy_Guardian_Mini_Baby.bdmgparam,130
Actor/GeneralParamList/Guardian_Mini_Junior.bgparamlist,130
Actor/DamageParam/Enemy_Guardian_Mini_Junior.bdmgparam,130
Actor/GeneralParamList/Enemy_Guardian_Mini_Junior_Dark.bgparamlist,130
Actor/DamageParam/Enemy_Guardian_Mini_Junior.bdmgparam,130
Actor/DamageParam/Enemy_Guardian_Mini_Middle.bdmgparam,130
Actor/GeneralParamList/Guardian_Mini_Middle.bgparamlist,130
Actor/GeneralParamList/Enemy_Guardian_Mini_Middle_Dark.bgparamlist,130
Actor/DamageParam/Enemy_Guardian_Mini_Middle.bdmgparam,130
Actor/DamageParam/Enemy_Guardian_Mini_Senior_Wipe.bdmgparam,130
Actor/GeneralParamList/Guardian_Mini_Senior.bgparamlist,130
Actor/DamageParam/Enemy_Guardian_Mini_Senior.bdmgparam,130
Actor/GeneralParamList/Enemy_Guardian_Mini_Senior_Dark.bgparamlist,130
Actor/DropTable/Keese.bdrop,130
Actor/DamageParam/Keese.bdmgparam,130
Actor/GeneralParamList/Keese.bgparamlist,130
Actor/DropTable/Keese.bdrop,130
Actor/DamageParam/Keese.bdmgparam,130
Actor/GeneralParamList/Enemy_Keese_AllDay.bgparamlist,130
Actor/ActorLink/Enemy_Keese_Electric.bxml,130
Actor/GeneralParamList/Enemy_Keese_Electric.bgparamlist,130
Actor/DamageParam/Keese_Electric.bdmgparam,130
Actor/GeneralParamList/Enemy_Keese_Electric_AllDay.bgparamlist,130
Actor/DamageParam/Keese_Electric.bdmgparam,130
Actor/DamageParam/Keese_Fire.bdmgparam,130
Actor/GeneralParamList/Enemy_Keese_Fire.bgparamlist,130
Actor/ActorLink/Enemy_Keese_Fire.bxml,130
Actor/DamageParam/Keese_Fire.bdmgparam,130
Actor/GeneralParamList/Enemy_Keese_Fire_AllDay.bgparamlist,130
Actor/GeneralParamList/Enemy_Keese_Ice.bgparamlist,130
Actor/DamageParam/Keese_Ice.bdmgparam,130
Actor/ActorLink/Enemy_Keese_Ice.bxml,130
Actor/GeneralParamList/Enemy_Keese_Ice.bgparamlist,130
Actor/DamageParam/Keese_Ice.bdmgparam,130
Actor/DamageParam/SwarmCommon.bdmgparam,130
Actor/GeneralParamList/Keese_Swarm.bgparamlist,130
Actor/DamageParam/SwarmCommon.bdmgparam,130
Actor/GeneralParamList/Enemy_Keese_Swarm_AllDay.bgparamlist,130
Actor/ActorLink/Enemy_Lizalfos_Bone_Junior.bxml,130
Actor/GeneralParamList/Enemy_Lizalfos_Bone_Junior.bgparamlist,130
Actor/DamageParam/Enemy_Lizalfos_Bone_Junior.bdmgparam,130
Actor/ActorLink/Enemy_Lizalfos_Bone_Junior_Head.bxml,130
Actor/DamageParam/Enemy_Lizalfos_Bone_Head.bdmgparam,130
Actor/DropTable/Lizalfos_Bone_Junior.bdrop,130
Actor/DropTable/Enemy_Lizalfos_Dark.bdrop,130
Actor/DamageParam/Enemy_Lizalfos_Senior.bdmgparam,130
Actor/GeneralParamList/Enemy_Lizalfos_Dark.bgparamlist,130
Actor/GeneralParamList/Lizalfos_Senior.bgparamlist,130
Actor/DropTable/Enemy_Lizalfos_Electric.bdrop,130
Actor/DamageParam/Lizalfos_Electric.bdmgparam,130
Actor/GeneralParamList/Lizalfos_Electric.bgparamlist,130
Actor/DropTable/Enemy_Lizalfos_Electric.bdrop,130
Actor/DamageParam/Lizalfos_Electric.bdmgparam,130
Actor/DropTable/Enemy_Lizalfos_Fire.bdrop,130
Actor/GeneralParamList/Lizalfos_Fire.bgparamlist,130
Actor/DamageParam/Lizalfos_Fire.bdmgparam,130
Actor/DropTable/Enemy_Lizalfos_Fire.bdrop,130
Actor/GeneralParamList/Lizalfos_Fire.bgparamlist,130
Actor/DamageParam/Lizalfos_Fire.bdmgparam,130
Actor/GeneralParamList/Enemy_Lizalfos_Gold.bgparamlist,130
Actor/DropTable/Enemy_Lizalfos_Gold.bdrop,130
Actor/DamageParam/Enemy_Lizalfos_Gold.bdmgparam,130
Actor/DropTable/Lizalfos_Guard_Junior.bdrop,130
Actor/DamageParam/Lizalfos_Guard.bdmgparam,130
Actor/GeneralParamList/Lizalfos_Guard_Junior.bgparamlist,130
Actor/DropTable/Lizalfos_Guard_Junior.bdrop,130
Actor/DamageParam/Lizalfos_Guard.bdmgparam,130
Actor/GeneralParamList/Lizalfos_Guard_Junior.bgparamlist,130
Actor/GeneralParamList/Lizalfos_Middle.bgparamlist,130
Actor/DropTable/Enemy_Lizalfos_Guard_Middle.bdrop,130
Actor/DamageParam/Lizalfos_Guard.bdmgparam,130
Actor/GeneralParamList/Lizalfos_Middle.bgparamlist,130
Actor/DropTable/Enemy_Lizalfos_Guard_Middle.bdrop,130
Actor/DamageParam/Lizalfos_Guard.bdmgparam,130
Actor/GeneralParamList/Lizalfos_Ice.bgparamlist,130
Actor/DropTable/Enemy_Lizalfos_Ice.bdrop,130
Actor/DamageParam/Lizalfos_Ice.bdmgparam,130
Actor/DamageParam/Enemy_Lizalfos_Junior.bdmgparam,130
Actor/DropTable/Lizalfos_Junior.bdrop,130
Actor/GeneralParamList/Lizalfos_Junior.bgparamlist,130
Actor/DamageParam/Enemy_Lizalfos_Junior.bdmgparam,130
Actor/DropTable/Lizalfos_Junior.bdrop,130
Actor/GeneralParamList/Lizalfos_Junior.bgparamlist,130
Actor/GeneralParamList/Lizalfos_Middle.bgparamlist,130
Actor/DamageParam/Enemy_Lizalfos_Middle.bdmgparam,130
Actor/DropTable/Lizalfos_Middle.bdrop,130
Actor/GeneralParamList/Lizalfos_Middle.bgparamlist,130
Actor/DamageParam/Enemy_Lizalfos_Middle.bdmgparam,130
Actor/DropTable/Lizalfos_Middle.bdrop,130
Actor/GeneralParamList/Lizalfos_Senior.bgparamlist,130
Actor/DamageParam/Enemy_Lizalfos_Senior.bdmgparam,130
Actor/DropTable/Lizalfos_Senior.bdrop,130
Actor/DropTable/Enemy_Lynel_Dark.bdrop,130
Actor/DamageParam/Lynel.bdmgparam,130
Actor/GeneralParamList/Enemy_Lynel_Dark.bgparamlist,130
Actor/GeneralParamList/Enemy_Lynel_Gold.bgparamlist,130
Actor/DamageParam/Lynel.bdmgparam,130
Actor/DropTable/Enemy_Lynel_Gold.bdrop,130
Actor/DamageParam/Lynel.bdmgparam,130
Actor/GeneralParamList/Enemy_Lynel_Junior.bgparamlist,130
Actor/DamageParam/Lynel.bdmgparam,130
Actor/GeneralParamList/Enemy_Lynel_Junior_Mountain.bgparamlist,130
Actor/DamageParam/Lynel.bdmgparam,130
Actor/GeneralParamList/Enemy_Lynel_Middle.bgparamlist,130
Actor/DamageParam/Lynel.bdmgparam,130
Actor/GeneralParamList/Enemy_Lynel_Senior.bgparamlist,130
Actor/DropTable/Lynel_Senior.bdrop,130
Actor/ActorLink/Enemy_Moriblin_Bone_Junior.bxml,130
Actor/DamageParam/Enemy_Moriblin_Bone_Junior.bdmgparam,130
Actor/GeneralParamList/Enemy_Moriblin_Bone_Junior.bgparamlist,130
Actor/DamageParam/Enemy_Moriblin_Bone_Junior_Head.bdmgparam,130
Actor/DropTable/Moriblin_Bone_Junior.bdrop,130
Actor/ActorLink/Enemy_Moriblin_Bone_Junior_Head.bxml,130
Actor/GeneralParamList/Enemy_Moriblin_Bone_Junior_Head.bgparamlist,130
Actor/DamageParam/Enemy_Moriblin_Senior.bdmgparam,130
Actor/DropTable/Enemy_Moriblin_Dark.bdrop,130
Actor/GeneralParamList/Moriblin_Dark.bgparamlist,130
Actor/DamageParam/Enemy_Moriblin_Gold.bdmgparam,130
Actor/GeneralParamList/Enemy_Moriblin_Gold.bgparamlist,130
Actor/DropTable/Enemy_Moriblin_Gold.bdrop,130
Actor/GeneralParamList/Moriblin_Blue.bgparamlist,130
Actor/DamageParam/Enemy_Moriblin_Junior.bdmgparam,130
Actor/DropTable/Moriblin_Junior.bdrop,130
Actor/DamageParam/Enemy_Moriblin_Middle.bdmgparam,130
Actor/DropTable/Moriblin_Middle.bdrop,130
Actor/GeneralParamList/Moriblin_Middle.bgparamlist,130
Actor/DamageParam/Enemy_Moriblin_Senior.bdmgparam,130
Actor/GeneralParamList/Moriblin_Senior.bgparamlist,130
Actor/DropTable/Moriblin_Senior.bdrop,130
Actor/DamageParam/Enemy_Moriblin_Senior.bdmgparam,130
Actor/GeneralParamList/Enemy_Moriblin_Senior_Volcano.bgparamlist,130
Actor/DropTable/Moriblin_Senior.bdrop,130
Actor/GeneralParamList/Octarock.bgparamlist,130
Actor/AIProgram/Octarock_Water.baiprog,130
Actor/DamageParam/Octarock.bdmgparam,130
Actor/DropTable/Octarock.bdrop,130
Actor/GeneralParamList/Enemy_Octarock_Desert.bgparamlist,130
Actor/DamageParam/Enemy_Octarock_Desert.bdmgparam,130
Actor/DropTable/Octarock_Desert.bdrop,130
Actor/DropTable/Octarock.bdrop,130
Actor/DamageParam/Enemy_Octarock_Forest.bdmgparam,130
Actor/GeneralParamList/Enemy_Octarock_Forest.bgparamlist,130
Actor/DamageParam/Enemy_Octarock_Snow.bdmgparam,130
Actor/GeneralParamList/Octarock_Snow.bgparamlist,130
Actor/DropTable/Octarock.bdrop,130
Actor/DamageParam/Enemy_Octarock_Stone.bdmgparam,130
Actor/DropTable/Octarock.bdrop,130
Actor/GeneralParamList/Enemy_Octarock_Stone.bgparamlist,130
Actor/DamageParam/Enemy_Sandworm.bdmgparam,130
Actor/GeneralParamList/Sandworm.bgparamlist,130
Actor/DamageParam/Enemy_SandwormR.bdmgparam,130
Actor/GeneralParamList/Enemy_SandwormR.bgparamlist,130
Physics/Ragdoll/Enemy_Wizzrobe/Enemy_Wizzrobe.hkrg,130
Actor/DropTable/ThunderWizzrobe.bdrop,130
Actor/GeneralParamList/ThunderWizzrobe.bgparamlist,130
Physics/Cloth/Enemy_Wizzrobe/Enemy_Wizzrobe.hkcl,130
Actor/AnimationInfo/Enemy_Wizzrobe_Electric.baniminfo,130
Actor/DamageParam/ThunderWizzrobe.bdmgparam,130
Actor/AnimationInfo/Enemy_Wizzrobe_Electric_Senior.baniminfo,130
Actor/DamageParam/Enemy_Wizzrobe_Electric_Senior.bdmgparam,130
Physics/Ragdoll/Enemy_Wizzrobe/Enemy_Wizzrobe.hkrg,130
Actor/DropTable/ThunderWizzrobe.bdrop,130
Actor/GeneralParamList/Enemy_Wizzrobe_Electric_Senior.bgparamlist,130
Physics/Cloth/Enemy_Wizzrobe/Enemy_Wizzrobe.hkcl,130
Actor/DamageParam/FireWizzrobe.bdmgparam,130
Actor/DropTable/FireWizzrobe.bdrop,130
Actor/GeneralParamList/FireWizzrobe.bgparamlist,130
Actor/GeneralParamList/Enemy_Wizzrobe_Fire_Senior.bgparamlist,130
Actor/DamageParam/Enemy_Wizzrobe_Fire_Senior.bdmgparam,130
Actor/DropTable/FireWizzrobe.bdrop,130
Actor/DamageParam/IceWizzrobe.bdmgparam,130
Actor/DropTable/IceWizzrobe.bdrop,130
Actor/GeneralParamList/IceWizzrobe.bgparamlist,130
Actor/DropTable/IceWizzrobe.bdrop,130
Actor/GeneralParamList/Enemy_Wizzrobe_Ice_Senior.bgparamlist,130
Actor/DamageParam/Enemy_Wizzrobe_Ice_Senior.bdmgparam,130
Actor/DropTable/Item_Amiibo_DropTable_001.bdrop,130
Actor/DropTable/Item_Amiibo_DropTable_002.bdrop,130
Actor/DropTable/Item_Amiibo_DropTable_003.bdrop,130
Actor/DropTable/Item_Amiibo_DropTable_007.bdrop,130
Actor/DropTable/Item_Amiibo_DropTable_008.bdrop,130
Actor/DropTable/Item_Amiibo_DropTable_009.bdrop,130
Actor/DropTable/Item_Amiibo_DropTable_010.bdrop,130
Actor/DropTable/Item_Amiibo_DropTable_016.bdrop,130
Actor/DropTable/Item_Amiibo_DropTable_017.bdrop,130
Actor/DropTable/Item_Amiibo_DropTable_018.bdrop,130
Actor/DropTable/Item_Amiibo_DropTable_019.bdrop,130
Actor/DropTable/Item_Amiibo_DropTable_020.bdrop,130
Actor/DropTable/Item_Amiibo_DropTable_021.bdrop,130
Actor/DropTable/Item_Amiibo_DropTable_022.bdrop,130
Actor/DropTable/Item_Amiibo_DropTable_023.bdrop,130
Actor/DamageParam/RemainsFire_Drone_A_01.bdmgparam,130
Actor/Chemical/Weapon_Bow.bchemical,130
Actor/GeneralParamList/Weapon_Bow_001.bgparamlist,130
Actor/Chemical/Weapon_Bow.bchemical,130
Actor/GeneralParamList/Weapon_Bow_002.bgparamlist,130
Actor/Chemical/Weapon_Bow.bchemical,130
Actor/GeneralParamList/Weapon_Bow_003.bgparamlist,130
Actor/Chemical/Weapon_Bow.bchemical,130
Actor/GeneralParamList/Weapon_Bow_004.bgparamlist,130
Actor/Chemical/Weapon_Bow.bchemical,130
Actor/GeneralParamList/Weapon_Bow_006.bgparamlist,130
Actor/GeneralParamList/Weapon_Bow_009.bgparamlist,130
Actor/Chemical/Weapon_Chemical_Iron.bchemical,130
Actor/GeneralParamList/Weapon_Bow_011.bgparamlist,130
Actor/Chemical/Weapon_Chemical_Iron.bchemical,130
Actor/Chemical/Weapon_Bow.bchemical,130
Actor/GeneralParamList/Weapon_Bow_013.bgparamlist,130
Actor/Chemical/Weapon_Chemical_Iron.bchemical,130
Actor/GeneralParamList/Weapon_Bow_014.bgparamlist,130
Actor/GeneralParamList/Weapon_Bow_015.bgparamlist,130
Actor/Chemical/Weapon_Chemical_Iron.bchemical,130
Actor/Chemical/Weapon_Bow.bchemical,130
Actor/GeneralParamList/Weapon_Bow_016.bgparamlist,130
Actor/Chemical/Weapon_Bow.bchemical,130
Actor/GeneralParamList/Weapon_Bow_017.bgparamlist,130
Actor/Chemical/Weapon_Chemical_Stone.bchemical,130
Actor/Recipe/Weapon_Bow_023.brecipe,130
Actor/GeneralParamList/Weapon_Bow_023.bgparamlist,130
Actor/GeneralParamList/Weapon_Bow_026.bgparamlist,130
Actor/Chemical/Weapon_Chemical_Iron.bchemical,130
Actor/Chemical/Weapon_Bow.bchemical,130
Actor/GeneralParamList/Weapon_Bow_027.bgparamlist,130
Actor/Chemical/Weapon_Bow.bchemical,130
Actor/GeneralParamList/Weapon_Bow_028.bgparamlist,130
Actor/GeneralParamList/Weapon_Bow_029.bgparamlist,130
Actor/Chemical/Weapon_Bow.bchemical,130
Actor/Chemical/Weapon_Chemical_Iron.bchemical,130
Actor/GeneralParamList/Weapon_Bow_030.bgparamlist,130
Actor/Chemical/Weapon_Chemical_Iron.bchemical,130
Actor/GeneralParamList/Weapon_Bow_032.bgparamlist,130
Actor/GeneralParamList/Weapon_Bow_033.bgparamlist,130
Actor/Chemical/Weapon_Chemical_Iron.bchemical,130
Actor/GeneralParamList/Weapon_Bow_035.bgparamlist,130
Actor/Chemical/Weapon_Chemical_Iron.bchemical,130
Actor/Chemical/Weapon_Chemical_Iron.bchemical,130
Actor/GeneralParamList/Weapon_Bow_036.bgparamlist,130
Actor/Chemical/Weapon_Bow.bchemical,130
Actor/GeneralParamList/Weapon_Bow_038.bgparamlist,130
Actor/GeneralParamList/Weapon_Bow_040.bgparamlist,130
Actor/Chemical/Weapon_Bow.bchemical,130
Actor/Chemical/Weapon_Bow_071.bchemical,130
Actor/GeneralParamList/Weapon_Bow_071.bgparamlist,130
Actor/Chemical/Weapon_Chemical_Stone.bchemical,130
Actor/GeneralParamList/Weapon_Bow_072.bgparamlist,130
Actor/Chemical/Weapon_Bow.bchemical,130
Actor/GeneralParamList/Weapon_Bow_028.bgparamlist,130
Actor/GeneralParamList/Weapon_Lsword_001.bgparamlist,130
Actor/Chemical/Weapon_Chemical_Iron.bchemical,130
Actor/Chemical/Weapon_Chemical_Iron.bchemical,130
Actor/GeneralParamList/Weapon_Lsword_002.bgparamlist,130
Actor/GeneralParamList/Weapon_Lsword_003.bgparamlist,130
Actor/Chemical/Weapon_Chemical_Iron.bchemical,130
Actor/Chemical/Weapon_Chemical_Wood.bchemical,130
Actor/GeneralParamList/Weapon_Lsword_004.bgparamlist,130
Actor/GeneralParamList/Weapon_Lsword_005.bgparamlist,130
Actor/Chemical/Weapon_Chemical_Wood.bchemical,130
Actor/Chemical/Weapon_Chemical_Wood.bchemical,130
Actor/GeneralParamList/Weapon_Lsword_006.bgparamlist,130
Actor/GeneralParamList/Weapon_Lsword_010.bgparamlist,130
Actor/Chemical/Weapon_Chemical_Wood.bchemical,130
Actor/Chemical/Weapon_Chemical_Wood.bchemical,130
Actor/GeneralParamList/Weapon_Lsword_011.bgparamlist,130
Actor/GeneralParamList/Weapon_Lsword_012.bgparamlist,130
Actor/Chemical/Weapon_Chemical_Wood.bchemical,130
Actor/Chemical/GuardianMiniWeapon.bchemical,130
Actor/GeneralParamList/Weapon_Lsword_013.bgparamlist,130
Actor/GeneralParamList/Weapon_Lsword_014.bgparamlist,130
Actor/Chemical/GuardianMiniWeapon.bchemical,130
Actor/Chemical/GuardianMiniWeapon.bchemical,130
Actor/GeneralParamList/Weapon_Lsword_015.bgparamlist,130
Actor/GeneralParamList/Weapon_Lsword_016.bgparamlist,130
Actor/Chemical/Weapon_Chemical_Iron.bchemical,130
Actor/Chemical/Weapon_Chemical_Iron.bchemical,130
Actor/GeneralParamList/Weapon_Lsword_017.bgparamlist,130
Actor/Chemical/Weapon_Chemical_Iron.bchemical,130
Actor/GeneralParamList/Weapon_Lsword_018.bgparamlist,130
Actor/Chemical/Weapon_Chemical_Stone.bchemical,130
Actor/GeneralParamList/Weapon_Lsword_019.bgparamlist,130
Actor/Chemical/Weapon_Chemical_Iron.bchemical,130
Actor/GeneralParamList/Weapon_Lsword_020.bgparamlist,130
Actor/Chemical/Weapon_Chemical_Stone.bchemical,130
Actor/GeneralParamList/Weapon_Lsword_023.bgparamlist,130
Actor/Recipe/Weapon_Lsword_023.brecipe,130
Actor/Chemical/Weapon_Chemical_Iron.bchemical,130
Actor/GeneralParamList/Weapon_Lsword_024.bgparamlist,130
Actor/GeneralParamList/Weapon_Lsword_027.bgparamlist,130
Actor/Chemical/Weapon_Chemical_Iron.bchemical,130
Actor/Chemical/Weapon_Chemical_Iron.bchemical,130
Actor/GeneralParamList/Weapon_Lsword_029.bgparamlist,130
Actor/Chemical/Weapon_Chemical_Iron.bchemical,130
Actor/GeneralParamList/Weapon_Lsword_030.bgparamlist,130
Actor/Chemical/Weapon_Chemical_Iron.bchemical,130
Actor/GeneralParamList/Weapon_Lsword_031.bgparamlist,130
Actor/GeneralParamList/Weapon_Lsword_032.bgparamlist,130
Actor/Chemical/Weapon_Chemical_Iron.bchemical,130
Actor/GeneralParamList/Weapon_Lsword_033.bgparamlist,130
Actor/Chemical/Weapon_FireSword.bchemical,130
Actor/Chemical/Weapon_Test_Chemical3.bchemical,130
Actor/GeneralParamList/Weapon_Lsword_034.bgparamlist,130
Actor/Chemical/Test_ElectricSword.bchemical,130
Actor/GeneralParamList/Weapon_Lsword_035.bgparamlist,130
Actor/GeneralParamList/Weapon_Lsword_036.bgparamlist,130
Actor/Chemical/Weapon_Chemical_Iron.bchemical,130
Actor/Chemical/Weapon_Chemical_Iron.bchemical,130
Actor/GeneralParamList/Weapon_Lsword_037.bgparamlist,130
Actor/GeneralParamList/Weapon_Lsword_038.bgparamlist,130
Actor/Chemical/Weapon_Chemical_Wood.bchemical,130
Actor/GeneralParamList/Weapon_Lsword_041.bgparamlist,130
Actor/Chemical/Weapon_Chemical_Iron.bchemical,130
Actor/GeneralParamList/Weapon_Lsword_045.bgparamlist,130
Actor/Chemical/Weapon_Chemical_Iron.bchemical,130
Actor/GeneralParamList/Weapon_Lsword_047.bgparamlist,130
Actor/Chemical/Weapon_Chemical_Iron.bchemical,130
Actor/Chemical/Weapon_Chemical_Iron.bchemical,130
Actor/GeneralParamList/Weapon_Lsword_051.bgparamlist,130
Actor/GeneralParamList/Weapon_Lsword_054.bgparamlist,130
Actor/Chemical/Weapon_Chemical_Iron.bchemical,130
Actor/Chemical/Weapon_Chemical_Iron.bchemical,130
Actor/GeneralParamList/Weapon_Lsword_055.bgparamlist,130
Actor/GeneralParamList/Weapon_Lsword_056.bgparamlist,130
Actor/Chemical/Weapon_Chemical_Wood.bchemical,130
Actor/Chemical/Weapon_Chemical_Iron.bchemical,130
Actor/GeneralParamList/Weapon_Lsword_057.bgparamlist,130
Actor/Chemical/Weapon_Chemical_Iron.bchemical,130
Actor/GeneralParamList/Weapon_Lsword_059.bgparamlist,130
Actor/GeneralParamList/Weapon_Lsword_060.bgparamlist,130
Actor/Chemical/Weapon_Chemical_Iron.bchemical,130
Actor/GeneralParamList/Weapon_Lsword_074.bgparamlist,130
Actor/GeneralParamList/Weapon_Shield_001.bgparamlist,130
Actor/Physics/Weapon_Shield_Wood.bphysics,130
Actor/Chemical/Weapon_Chemical_WoodShield.bchemical,130
Actor/Physics/Weapon_Shield_002.bphysics,130
Actor/GeneralParamList/Weapon_Shield_002.bgparamlist,130
Actor/Chemical/Weapon_Chemical_WoodShield.bchemical,130
Actor/Physics/Weapon_Shield_003.bphysics,130
Actor/Chemical/Weapon_Chemical_Iron.bchemical,130
Actor/GeneralParamList/Weapon_Shield_003.bgparamlist,130
Actor/Physics/Weapon_Shield_004.bphysics,130
Actor/GeneralParamList/Weapon_Shield_004.bgparamlist,130
Actor/Chemical/Weapon_Chemical_WoodShield.bchemical,130
Actor/Physics/Weapon_Shield_005.bphysics,130
Actor/GeneralParamList/Weapon_Shield_005.bgparamlist,130
Actor/Chemical/Weapon_Chemical_WoodShield.bchemical,130
Actor/Physics/Weapon_Shield_006.bphysics,130
Actor/GeneralParamList/Weapon_Shield_006.bgparamlist,130
Actor/Chemical/Weapon_Chemical_WoodShield.bchemical,130
Actor/Physics/Weapon_Shield_007.bphysics,130
Actor/Chemical/Weapon_Chemical_Iron.bchemical,130
Actor/GeneralParamList/Weapon_Shield_007.bgparamlist,130
Actor/Physics/Weapon_Shield_008.bphysics,130
Actor/GeneralParamList/Weapon_Shield_008.bgparamlist,130
Actor/Chemical/Weapon_Chemical_Iron.bchemical,130
Actor/Physics/Weapon_Shield_009.bphysics,130
Actor/Chemical/Weapon_Chemical_Iron.bchemical,130
Actor/GeneralParamList/Weapon_Shield_009.bgparamlist,130
Actor/GeneralParamList/Weapon_Shield_013.bgparamlist,130
Actor/Physics/Weapon_Shield_013.bphysics,130
Actor/Chemical/GuardianMiniWeapon.bchemical,130
Actor/Physics/Weapon_Shield_014.bphysics,130
Actor/Chemical/GuardianMiniWeapon.bchemical,130
Actor/GeneralParamList/Weapon_Shield_014.bgparamlist,130
Actor/GeneralParamList/Weapon_Shield_015.bgparamlist,130
Actor/Physics/Weapon_Shield_015.bphysics,130
Actor/Chemical/GuardianMiniWeapon.bchemical,130
Actor/Physics/Weapon_Shield_016.bphysics,130
Actor/Chemical/Weapon_Chemical_Iron.bchemical,130
Actor/GeneralParamList/Weapon_Shield_016.bgparamlist,130
Actor/GeneralParamList/Weapon_Shield_017.bgparamlist,130
Actor/Physics/Weapon_Shield_017.bphysics,130
Actor/Chemical/Weapon_Chemical_Iron.bchemical,130
Actor/Physics/Weapon_Shield_018.bphysics,130
Actor/Chemical/Weapon_Chemical_Iron.bchemical,130
Actor/GeneralParamList/Weapon_Shield_018.bgparamlist,130
Actor/Chemical/Weapon_Chemical_Iron.bchemical,130
Actor/GeneralParamList/Weapon_Shield_021.bgparamlist,130
Actor/Physics/Weapon_Shield_021.bphysics,130
Actor/GeneralParamList/Weapon_Shield_022.bgparamlist,130
Actor/Chemical/Weapon_Chemical_Iron.bchemical,130
Actor/Physics/Weapon_Shield_022.bphysics,130
Actor/GeneralParamList/Weapon_Shield_023.bgparamlist,130
Actor/Physics/Weapon_Shield_023.bphysics,130
Actor/Chemical/Weapon_Chemical_WoodShield.bchemical,130
Actor/Chemical/Weapon_Chemical_Iron.bchemical,130
Actor/GeneralParamList/Weapon_Shield_025.bgparamlist,130
Actor/Physics/Weapon_Shield_025.bphysics,130
Actor/GeneralParamList/Weapon_Shield_026.bgparamlist,130
Actor/Chemical/Weapon_Chemical_Iron.bchemical,130
Actor/Physics/Weapon_Shield_026.bphysics,130
Actor/Physics/Weapon_Shield_030.bphysics,130
Actor/GeneralParamList/Weapon_Shield_030.bgparamlist,130
Actor/Chemical/Weapon_Chemical_Iron.bchemical,130
Actor/Physics/Weapon_Shield_Wood.bphysics,130
Actor/Chemical/Weapon_Chemical_WoodShield.bchemical,130
Actor/GeneralParamList/Weapon_Shield_031.bgparamlist,130
Actor/GeneralParamList/Weapon_Shield_032.bgparamlist,130
Actor/Physics/Weapon_Shield_Wood.bphysics,130
Actor/Chemical/Weapon_Chemical_WoodShield.bchemical,130
Actor/GeneralParamList/Weapon_Shield_033.bgparamlist,130
Actor/Chemical/Weapon_Chemical_Iron.bchemical,130
Actor/Physics/Weapon_Shield_022.bphysics,130
Actor/GeneralParamList/Weapon_Shield_034.bgparamlist,130
Actor/Physics/Weapon_Shield_Wood.bphysics,130
Actor/Chemical/Weapon_Chemical_WoodShield.bchemical,130
Actor/GeneralParamList/Weapon_Shield_035.bgparamlist,130
Actor/Physics/Weapon_Shield_035.bphysics,130
Actor/Chemical/Weapon_Chemical_WoodShield.bchemical,130
Actor/Physics/Weapon_Shield_036.bphysics,130
Actor/Chemical/Weapon_Chemical_Iron.bchemical,130
Actor/GeneralParamList/Weapon_Shield_036.bgparamlist,130
Actor/GeneralParamList/Weapon_Shield_037.bgparamlist,130
Actor/Chemical/Weapon_Chemical_Iron.bchemical,130
Actor/Physics/Weapon_Shield_026.bphysics,130
Actor/Chemical/Weapon_Chemical_Stone.bchemical,130
Actor/Physics/Weapon_Shield_Stone.bphysics,130
Actor/Recipe/Weapon_Shield_038.brecipe,130
Actor/GeneralParamList/Weapon_Shield_038.bgparamlist,130
Actor/Physics/Weapon_Shield_040.bphysics,130
Actor/GeneralParamList/Weapon_Shield_040.bgparamlist,130
Actor/Chemical/Weapon_Chemical_WoodShield.bchemical,130
Actor/GeneralParamList/Weapon_Shield_041.bgparamlist,130
Actor/Physics/Weapon_Shield_041.bphysics,130
Actor/Chemical/Weapon_Chemical_WoodShield.bchemical,130
Actor/Physics/Weapon_Shield_042.bphysics,130
Actor/Chemical/Weapon_Chemical_WoodShield.bchemical,130
Actor/GeneralParamList/Weapon_Shield_042.bgparamlist,130
Actor/GeneralParamList/Weapon_Shield_057.bgparamlist,130
Actor/Chemical/Weapon_Chemical_Iron.bchemical,130
Actor/Physics/Weapon_Shield_057.bphysics,130
Actor/Chemical/Weapon_Chemical_Iron.bchemical,130
Actor/GeneralParamList/Weapon_Spear_001.bgparamlist,130
Actor/GeneralParamList/Weapon_Spear_002.bgparamlist,130
Actor/Chemical/Weapon_Chemical_Iron.bchemical,130
Actor/Chemical/Weapon_Chemical_Iron.bchemical,130
Actor/GeneralParamList/Weapon_Spear_003.bgparamlist,130
Actor/GeneralParamList/Weapon_Spear_004.bgparamlist,130
Actor/Chemical/WoodSpear.bchemical,130
Actor/GeneralParamList/Weapon_Spear_005.bgparamlist,130
Actor/Chemical/WoodSpear.bchemical,130
Actor/GeneralParamList/Weapon_Spear_006.bgparamlist,130
Actor/Chemical/WoodSpear.bchemical,130
Actor/Chemical/Weapon_Chemical_Iron.bchemical,130
Actor/GeneralParamList/Weapon_Spear_007.bgparamlist,130
Actor/GeneralParamList/Weapon_Spear_008.bgparamlist,130
Actor/Chemical/Weapon_Chemical_Iron.bchemical,130
Actor/Chemical/Weapon_Chemical_Iron.bchemical,130
Actor/GeneralParamList/Weapon_Spear_009.bgparamlist,130
Actor/GeneralParamList/Weapon_Spear_010.bgparamlist,130
Actor/Chemical/WoodSpear.bchemical,130
Actor/Chemical/WoodSpear.bchemical,130
Actor/GeneralParamList/Weapon_Spear_011.bgparamlist,130
Actor/GeneralParamList/Weapon_Spear_012.bgparamlist,130
Actor/Chemical/WoodSpear.bchemical,130
Actor/GeneralParamList/Weapon_Spear_013.bgparamlist,130
Actor/Chemical/GuardianMiniWeapon.bchemical,130
Actor/Chemical/GuardianMiniWeapon.bchemical,130
Actor/GeneralParamList/Weapon_Spear_014.bgparamlist,130
Actor/GeneralParamList/Weapon_Spear_015.bgparamlist,130
Actor/Chemical/GuardianMiniWeapon.bchemical,130
Actor/Chemical/Weapon_Chemical_Iron.bchemical,130
Actor/GeneralParamList/Weapon_Spear_016.bgparamlist,130
Actor/GeneralParamList/Weapon_Spear_017.bgparamlist,130
Actor/Chemical/Weapon_Chemical_Iron.bchemical,130
Actor/Chemical/Weapon_Chemical_Iron.bchemical,130
Actor/GeneralParamList/Weapon_Spear_018.bgparamlist,130
Actor/GeneralParamList/Weapon_Spear_021.bgparamlist,130
Actor/Chemical/Weapon_Chemical_Iron.bchemical,130
Actor/Chemical/Weapon_Chemical_Iron.bchemical,130
Actor/GeneralParamList/Weapon_Spear_022.bgparamlist,130
Actor/Chemical/Weapon_Chemical_Stone.bchemical,130
Actor/GeneralParamList/Weapon_Spear_023.bgparamlist,130
Actor/Recipe/Weapon_Spear_023.brecipe,130
Actor/GeneralParamList/Weapon_Spear_024.bgparamlist,130
Actor/Chemical/Weapon_Chemical_Iron.bchemical,130
Actor/Chemical/Weapon_Chemical_Wood.bchemical,130
Actor/GeneralParamList/Weapon_Spear_025.bgparamlist,130
Actor/Chemical/Weapon_Chemical_Iron.bchemical,130
Actor/GeneralParamList/Weapon_Spear_027.bgparamlist,130
Actor/GeneralParamList/Weapon_Spear_028.bgparamlist,130
Actor/Chemical/Weapon_Chemical_Iron.bchemical,130
Actor/Chemical/Weapon_Chemical_Iron.bchemical,130
Actor/GeneralParamList/Weapon_Spear_029.bgparamlist,130
Actor/GeneralParamList/Weapon_Spear_030.bgparamlist,130
Actor/Chemical/Weapon_Chemical_Iron.bchemical,130
Actor/Chemical/Weapon_Chemical_Iron.bchemical,130
Actor/GeneralParamList/Weapon_Spear_031.bgparamlist,130
Actor/Chemical/Weapon_Chemical_Iron.bchemical,130
Actor/GeneralParamList/Weapon_Spear_032.bgparamlist,130
Actor/Chemical/Weapon_FireSword.bchemical,130
Actor/GeneralParamList/Weapon_Spear_033.bgparamlist,130
Actor/Chemical/Weapon_Test_Chemical3.bchemical,130
Actor/GeneralParamList/Weapon_Spear_034.bgparamlist,130
Actor/GeneralParamList/Weapon_Spear_035.bgparamlist,130
Actor/Chemical/Test_ElectricSword.bchemical,130
Actor/GeneralParamList/Weapon_Spear_036.bgparamlist,130
Actor/Chemical/WoodSpear.bchemical,130
Actor/GeneralParamList/Weapon_Spear_037.bgparamlist,130
Actor/Chemical/Weapon_Chemical_Iron.bchemical,130
Actor/Chemical/Weapon_Chemical_Iron.bchemical,130
Actor/GeneralParamList/Weapon_Spear_038.bgparamlist,130
Actor/Chemical/Weapon_Chemical_Iron.bchemical,130
Actor/GeneralParamList/Weapon_Spear_047.bgparamlist,130
Actor/Chemical/Weapon_Chemical_Iron.bchemical,130
Actor/GeneralParamList/Weapon_Spear_049.bgparamlist,130
Actor/GeneralParamList/Weapon_Spear_050.bgparamlist,130
Actor/Chemical/Weapon_Chemical_Iron.bchemical,130
Actor/Chemical/Weapon_Chemical_Iron.bchemical,130
Actor/GeneralParamList/Weapon_Sword_001.bgparamlist,130
Actor/GeneralParamList/Weapon_Sword_002.bgparamlist,130
Actor/Chemical/Weapon_Chemical_Iron.bchemical,130
Actor/Chemical/Weapon_Chemical_Iron.bchemical,130
Actor/GeneralParamList/Weapon_Sword_003.bgparamlist,130
Actor/GeneralParamList/Weapon_Sword_004.bgparamlist,130
Actor/Chemical/Weapon_Chemical_Wood.bchemical,130
Actor/Chemical/Weapon_Chemical_Wood.bchemical,130
Actor/GeneralParamList/Weapon_Sword_005.bgparamlist,130
Actor/GeneralParamList/Weapon_Sword_006.bgparamlist,130
Actor/Chemical/Weapon_Chemical_Wood.bchemical,130
Actor/GeneralParamList/Weapon_Sword_007.bgparamlist,130
Actor/Chemical/Weapon_Chemical_Iron.bchemical,130
Actor/Chemical/Weapon_Chemical_Iron.bchemical,130
Actor/GeneralParamList/Weapon_Sword_008.bgparamlist,130
Actor/GeneralParamList/Weapon_Sword_009.bgparamlist,130
Actor/Chemical/Weapon_Chemical_Iron.bchemical,130
Actor/GeneralParamList/Weapon_Sword_013.bgparamlist,130
Actor/Chemical/GuardianMiniWeapon.bchemical,130
Actor/Chemical/GuardianMiniWeapon.bchemical,130
Actor/GeneralParamList/Weapon_Sword_014.bgparamlist,130
Actor/GeneralParamList/Weapon_Sword_015.bgparamlist,130
Actor/Chemical/GuardianMiniWeapon.bchemical,130
Actor/GeneralParamList/Weapon_Sword_016.bgparamlist,130
Actor/Chemical/Weapon_Chemical_Iron.bchemical,130
Actor/Chemical/Weapon_Chemical_Iron.bchemical,130
Actor/GeneralParamList/Weapon_Sword_017.bgparamlist,130
Actor/GeneralParamList/Weapon_Sword_018.bgparamlist,130
Actor/Chemical/Weapon_Chemical_Iron.bchemical,130
Actor/Chemical/Weapon_Chemical_Stone.bchemical,130
Actor/GeneralParamList/Weapon_Sword_019.bgparamlist,130
Actor/Chemical/Weapon_Chemical_Stone.bchemical,130
Actor/GeneralParamList/Weapon_Sword_020.bgparamlist,130
Actor/Chemical/Weapon_Chemical_Iron.bchemical,130
Actor/GeneralParamList/Weapon_Sword_021.bgparamlist,130
Actor/GeneralParamList/Weapon_Sword_022.bgparamlist,130
Actor/Chemical/Weapon_Chemical_Wood.bchemical,130
Actor/Chemical/Weapon_Chemical_Stone.bchemical,130
Actor/Recipe/Weapon_Sword_023.brecipe,130
Actor/GeneralParamList/Weapon_Sword_023.bgparamlist,130
Actor/GeneralParamList/Weapon_Sword_024.bgparamlist,130
Actor/Chemical/Weapon_Chemical_Iron.bchemical,130
Actor/Chemical/Weapon_Chemical_Wood.bchemical,130
Actor/GeneralParamList/Weapon_Sword_025.bgparamlist,130
Actor/GeneralParamList/Weapon_Sword_027.bgparamlist,130
Actor/Chemical/Weapon_Chemical_Iron.bchemical,130
Actor/Chemical/Weapon_Chemical_Iron.bchemical,130
Actor/GeneralParamList/Weapon_Sword_030.bgparamlist,130
Actor/GeneralParamList/Weapon_Sword_031.bgparamlist,130
Actor/Chemical/Weapon_Chemical_Iron.bchemical,130
Actor/GeneralParamList/Weapon_Sword_033.bgparamlist,130
Actor/Chemical/Weapon_FireSword.bchemical,130
Actor/Chemical/Weapon_Test_Chemical3.bchemical,130
Actor/GeneralParamList/Weapon_Sword_034.bgparamlist,130
Actor/Chemical/Test_ElectricSword.bchemical,130
Actor/GeneralParamList/Weapon_Sword_035.bgparamlist,130
Actor/GeneralParamList/Weapon_Sword_040.bgparamlist,130
Actor/Chemical/Weapon_Chemical_Wood.bchemical,130
Actor/Chemical/Weapon_Chemical_Iron.bchemical,130
Actor/GeneralParamList/Weapon_Sword_041.bgparamlist,130
Actor/Chemical/Weapon_Sword_043.bchemical,130
Actor/GeneralParamList/Weapon_Sword_043.bgparamlist,130
Actor/GeneralParamList/Weapon_Sword_044.bgparamlist,130
Actor/Chemical/Weapon_Chemical_Wood.bchemical,130
Actor/Chemical/Weapon_Chemical_Iron.bchemical,130
Actor/GeneralParamList/Weapon_Sword_047.bgparamlist,130
Actor/Chemical/Weapon_Chemical_Stone.bchemical,130
Actor/GeneralParamList/Weapon_Sword_048.bgparamlist,130
Actor/GeneralParamList/Weapon_Sword_049.bgparamlist,130
Actor/Chemical/Weapon_Chemical_Stone.bchemical,130
Actor/Chemical/Weapon_Chemical_Stone.bchemical,130
Actor/GeneralParamList/Weapon_Sword_050.bgparamlist,130
Actor/GeneralParamList/Weapon_Sword_051.bgparamlist,130
Actor/Chemical/Weapon_Chemical_Wood.bchemical,130
Actor/Chemical/Weapon_Chemical_Iron.bchemical,130
Actor/GeneralParamList/Weapon_Sword_052.bgparamlist,130
Actor/GeneralParamList/Weapon_Sword_053.bgparamlist,130
Actor/Chemical/Weapon_Chemical_Iron.bchemical,130
Actor/Chemical/Weapon_Chemical_Stone.bchemical,130
Actor/GeneralParamList/Weapon_Sword_056.bgparamlist,130
Actor/Chemical/Weapon_Chemical_Iron.bchemical,130
Actor/GeneralParamList/Weapon_Sword_057.bgparamlist,130
Actor/Chemical/Weapon_Chemical_Iron.bchemical,130
Actor/GeneralParamList/Weapon_Sword_058.bgparamlist,130
Actor/GeneralParamList/Weapon_Sword_059.bgparamlist,130
Actor/Chemical/Weapon_Chemical_Wood.bchemical,130
Actor/GeneralParamList/Weapon_Sword_060.bgparamlist,130
Actor/Chemical/Weapon_Chemical_Stone.bchemical,130
Actor/Chemical/Weapon_Chemical_Stone.bchemical,130
Actor/GeneralParamList/Weapon_Sword_061.bgparamlist,130
Actor/Chemical/Weapon_Chemical_Stone.bchemical,130
Actor/GeneralParamList/Weapon_Sword_062.bgparamlist,130
Actor/Chemical/Weapon_Chemical_Iron.bchemical,130
Actor/GeneralParamList/Weapon_Sword_070.bgparamlist,130
Actor/GeneralParamList/Weapon_Sword_071.bgparamlist,130
Actor/Chemical/Weapon_Chemical_Iron.bchemical,130
Actor/GeneralParamList/Weapon_Sword_073.bgparamlist,130
Actor/Chemical/Weapon_Chemical_Iron.bchemical,130
Actor/GeneralParamList/Weapon_Sword_502.bgparamlist,130
Actor/GeneralParamList/Weapon_Sword_502.bgparamlist,130
Physics/Cloth/Animal_WLink/Animal_WLink.hkcl,130
Actor/GeneralParamList/WolfLink.bgparamlist,130
Message/Msg_USen.product.sarc,130
Model/Player_Animation.bfres,130
Event/SignalFlowchart.beventpack,130
WorldMgr/normal.bwinfo,130
Actor/Pack/TerrainCalcCenterTag.bactorpack,130
Map/MainField/LazyTraverseList.mubin,130
