name,hash
ActorType/ArmorHead.msbt,552c9ef5
ActorType/ArmorLower.msbt,1bf6a679
ActorType/ArmorUpper.msbt,5c468122
ActorType/Bullet.msbt,7083db94
ActorType/CapturedActor.msbt,604a36b7
ActorType/CookResult.msbt,d78da855
ActorType/DemoNPC.msbt,136e7e28
ActorType/Dragon.msbt,afaf70e8
ActorType/Enemy.msbt,211ac42c
ActorType/GelEnemy.msbt,1581151f
ActorType/GiantEnemy.msbt,8e5d8121
ActorType/Guardian.msbt,d8aded46
ActorType/Horse.msbt,ba533644
ActorType/HorseObject.msbt,fe6bde24
ActorType/HorseReins.msbt,5ebf8b72
ActorType/HorseSaddle.msbt,6d502e5e
ActorType/Item.msbt,8e5d27ea
ActorType/LastBoss.msbt,ce31ff60
ActorType/MapConstActive.msbt,87e694e9
ActorType/MapConstPassive.msbt,66f74d6e
ActorType/MapDynamicActive.msbt,f4daaacb
ActorType/MapDynamicPassive.msbt,47b700eb
ActorType/NPC.msbt,bda883f7
ActorType/PlayerItem.msbt,aacde698
ActorType/Prey.msbt,25ba4954
ActorType/Sandworm.msbt,3b2665e9
ActorType/SiteBoss.msbt,181fe16d
ActorType/Swarm.msbt,66f74d6e
ActorType/WeaponBow.msbt,13edb5c7
ActorType/WeaponLargeSword.msbt,b8d62059
ActorType/WeaponShield.msbt,7e2e1c44
ActorType/WeaponSmallSword.msbt,bf2cf436
ActorType/WeaponSpear.msbt,ab33d00e
DemoMsg/Demo003_0.msbt,08b15f2a
DemoMsg/Demo004_0.msbt,4ec42b85
DemoMsg/Demo006_0.msbt,41fdc23e
DemoMsg/Demo007_0.msbt,4832d6bb
DemoMsg/Demo007_1.msbt,51996578
DemoMsg/Demo007_2.msbt,2ef56b7c
DemoMsg/Demo008_0.msbt,d12704ac
DemoMsg/Demo008_2.msbt,e409b3f4
DemoMsg/Demo017_0.msbt,0186132c
DemoMsg/Demo018_0.msbt,27c025f7
DemoMsg/Demo019_0.msbt,918f8cad
DemoMsg/Demo021_0.msbt,f7c2fe4d
DemoMsg/Demo022_0.msbt,6428993c
DemoMsg/Demo032_0.msbt,49b6e64c
DemoMsg/Demo033_0.msbt,40409d39
DemoMsg/Demo034_0.msbt,69354e47
DemoMsg/Demo035_0.msbt,2f442712
DemoMsg/Demo039_0.msbt,5df38d43
DemoMsg/Demo043_0.msbt,26f554ae
DemoMsg/Demo044_0.msbt,a7708fda
DemoMsg/Demo050_0.msbt,e47f1e2e
DemoMsg/Demo051_0.msbt,86564a36
DemoMsg/Demo101_0.msbt,53d9a49c
DemoMsg/Demo102_0.msbt,aa8becc0
DemoMsg/Demo104_0.msbt,e2b02b01
DemoMsg/Demo104_1.msbt,e82e5f4f
DemoMsg/Demo105_0.msbt,7f788df9
DemoMsg/Demo105_1.msbt,715f5732
DemoMsg/Demo109_1.msbt,3eafd933
DemoMsg/Demo109_2.msbt,9d89d7b4
DemoMsg/Demo114_0.msbt,f7d0b04e
DemoMsg/Demo116_0.msbt,2411dc30
DemoMsg/Demo117_0.msbt,a6c526ab
DemoMsg/Demo119_0.msbt,82cdc929
DemoMsg/Demo120_0.msbt,db57e53a
DemoMsg/Demo122_0.msbt,6cf7942c
DemoMsg/Demo123_0.msbt,0ad5eb78
DemoMsg/Demo125_0.msbt,32f3c8e5
DemoMsg/Demo126_0.msbt,3adaf576
DemoMsg/Demo127_0.msbt,e9c02542
DemoMsg/Demo128_0.msbt,cac1a7fe
DemoMsg/Demo129_0.msbt,5c50237c
DemoMsg/Demo130_0.msbt,4e3a1a79
DemoMsg/Demo131_0.msbt,b4608be0
DemoMsg/Demo132_0.msbt,7881ad4a
DemoMsg/Demo133_0.msbt,486391e4
DemoMsg/Demo134_0.msbt,e2861d1c
DemoMsg/Demo135_0.msbt,9edaccbe
DemoMsg/Demo136_0.msbt,a89309cd
DemoMsg/Demo137_0.msbt,3e528e97
DemoMsg/Demo138_0.msbt,30659a26
DemoMsg/Demo139_0.msbt,d76c3784
DemoMsg/Demo142_0.msbt,14243e8b
DemoMsg/Demo143_0.msbt,3c26af03
DemoMsg/Demo143_1.msbt,7217d8b1
DemoMsg/Demo143_2.msbt,ff1e195c
DemoMsg/Demo143_3.msbt,f0b902f7
DemoMsg/Demo146_0.msbt,51159f57
DemoMsg/Demo146_1.msbt,71adc257
DemoMsg/Demo148_0.msbt,2258a7d0
DemoMsg/Demo150_0.msbt,dfae9487
DemoMsg/Demo151_0.msbt,27bc5d33
DemoMsg/Demo152_0.msbt,b9c33dc0
DemoMsg/Demo153_0.msbt,c2aa2c58
DemoMsg/Demo154_1.msbt,fd0d3edc
DemoMsg/Demo154_2.msbt,5c0c8496
DemoMsg/Demo155_0.msbt,e29592a2
DemoMsg/Demo156_0.msbt,b67bf74d
DemoMsg/Demo158_0.msbt,82be0e9a
DemoMsg/Demo159_0.msbt,d8d00ccb
DemoMsg/Demo160_0.msbt,5846eb8c
DemoMsg/Demo161_0.msbt,cc70682c
DemoMsg/Demo162_0.msbt,9e70007a
DemoMsg/Demo163_0.msbt,040a0363
DemoMsg/Demo164_0.msbt,285684b9
DemoMsg/Demo165_4.msbt,a1fbf483
DemoMsg/Demo165_5.msbt,612fdadc
DemoMsg/Demo169_0.msbt,4740e0fb
DemoMsg/Demo174_0.msbt,6f0e12f8
DemoMsg/Demo175_0.msbt,4300572b
DemoMsg/Demo176_0.msbt,c17563ae
DemoMsg/Demo177_0.msbt,4e25e279
DemoMsg/Demo177_1.msbt,d558e4d5
DemoMsg/Demo200_0.msbt,d16feea4
DemoMsg/Demo201_0.msbt,c7aa7a04
DemoMsg/Demo202_1.msbt,78d61acd
DemoMsg/Demo202_2.msbt,ded2983f
DemoMsg/Demo202_3.msbt,e6d6b41e
DemoMsg/Demo205_1.msbt,16ee7178
DemoMsg/Demo207_0.msbt,f0d4da4c
DemoMsg/Demo209_0.msbt,b657f8f1
DemoMsg/Demo210_0.msbt,5962f9f0
DemoMsg/Demo211_0.msbt,41c17c80
DemoMsg/Demo300_0.msbt,93a6051d
DemoMsg/Demo309_0.msbt,93749883
DemoMsg/Demo309_1.msbt,61a92af0
DemoMsg/Demo309_2.msbt,e7675aea
DemoMsg/Demo318_0.msbt,f664207a
DemoMsg/Demo330_0.msbt,790aa83f
DemoMsg/Demo330_1.msbt,bd36c9f6
DemoMsg/Demo331_0.msbt,84816e7a
DemoMsg/Demo346_3.msbt,bbf8c0f6
DemoMsg/Demo346_4.msbt,d2ab7b96
DemoMsg/Demo346_6.msbt,eee3bcbe
DemoMsg/Demo347_0.msbt,320f2533
DemoMsg/Demo347_1.msbt,b9a81234
DemoMsg/Demo370_0.msbt,a5b948fe
DemoMsg/Demo480_0.msbt,7093e492
DemoMsg/Demo480_1.msbt,10f42602
DemoMsg/Demo600_0.msbt,071149c6
DemoMsg/Demo600_1.msbt,f3499d71
DemoMsg/Demo601_0.msbt,83031e1e
DemoMsg/Demo601_1.msbt,253545e6
DemoMsg/Demo603_0.msbt,26b88001
DemoMsg/Demo605_0.msbt,4c381475
DemoMsg/Demo606_0.msbt,4586a9ae
DemoMsg/Demo607_0.msbt,275d652e
DemoMsg/Demo609_0.msbt,ed9b2d43
DemoMsg/Demo610_0.msbt,d9d37d08
DemoMsg/Demo610_1.msbt,2d6aadf5
DemoMsg/Demo610_2.msbt,2464493c
DemoMsg/Demo610_3.msbt,c7524b78
DemoMsg/Demo611_0.msbt,196c3b1f
DemoMsg/Demo612_0.msbt,ae50f2c5
DemoMsg/Demo612_1.msbt,353698ad
DemoMsg/Demo612_2.msbt,26544e01
DemoMsg/Demo612_3.msbt,e985561a
DemoMsg/Demo614_0.msbt,2e065e44
DemoMsg/Demo614_1.msbt,f8cb9427
DemoMsg/Demo614_2.msbt,acddafbd
DemoMsg/Demo614_3.msbt,d89c50f6
DemoMsg/Demo622_0.msbt,012b29ad
DemoMsg/Demo622_1.msbt,4daac81f
DemoMsg/Demo622_2.msbt,ee1aba49
DemoMsg/Demo622_3.msbt,dde4de3b
DemoMsg/Demo623_0.msbt,5ef9aca1
DemoMsg/Demo640_0.msbt,5442af46
DemoMsg/Demo641_0.msbt,9917be86
DemoMsg/Demo642_0.msbt,6cc32dae
DemoMsg/Demo643_0.msbt,e68be091
DemoMsg/Demo643_2.msbt,066f0240
DemoMsg/Demo645_0.msbt,92bcf818
DemoMsg/Demo646_0.msbt,b1e82329
DemoMsg/Demo647_0.msbt,39585ba9
DemoMsg/Demo648_0.msbt,660ae69f
DemoMsg/Demo660_0.msbt,35c01f2c
DemoMsg/Demo661_0.msbt,15d5bb01
DemoMsg/Demo662_0.msbt,2f5c934d
DemoMsg/Demo663_0.msbt,1f3ffd3b
DemoMsg/Demo664_0.msbt,61efa684
DemoMsg/Demo670_0.msbt,409236b1
DemoMsg/Demo670_1.msbt,409236b1
DemoMsg/Demo670_2.msbt,409236b1
DemoMsg/Demo670_3.msbt,409236b1
DemoMsg/Demo681_0.msbt,caa63321
DemoMsg/Demo681_1.msbt,be81a4b1
DemoMsg/Demo700_0.msbt,dd3517c4
DemoMsg/Demo701_0.msbt,096029c2
DemoMsg/Demo704_0.msbt,3be09f83
DemoMsg/Demo705_0.msbt,a8d539b5
DemoMsg/Demo706_0.msbt,dae55c00
DemoMsg/Demo708_0.msbt,24fceb95
DemoMsg/Demo719_0.msbt,40dc89dc
EventFlowMsg/100enemy.msbt,d6135a13
EventFlowMsg/AncientBall_Kakariko.msbt,1162497e
EventFlowMsg/Animal_Forest.msbt,9454a281
EventFlowMsg/Animal_SunazarashiSP_C.msbt,897ce8d7
EventFlowMsg/ArmorProcessingEventTag.msbt,a29e5ea6
EventFlowMsg/BalladOfHeroes.msbt,4d240d8c
EventFlowMsg/BalladOfHeroGerudo.msbt,ba7114d0
EventFlowMsg/BalladOfHeroGoron.msbt,f6fed625
EventFlowMsg/BalladOfHeroRito.msbt,2a05cb13
EventFlowMsg/BalladOfHeroZora.msbt,cb576fdc
EventFlowMsg/BloodyMoonRelief.msbt,0eb9afc8
EventFlowMsg/Book.msbt,b90e92a2
EventFlowMsg/Bottle_Mes.msbt,54f22be3
EventFlowMsg/CarryingBlueFireEXMini.msbt,187e736c
EventFlowMsg/Cliff_Maze.msbt,bd6c377d
EventFlowMsg/Common.msbt,77ee96d6
EventFlowMsg/CursedStatue.msbt,afcf5ed6
EventFlowMsg/DarkWoods.msbt,c6e88ab3
EventFlowMsg/Desert_Maze.msbt,bd6c377d
EventFlowMsg/DgnObj_DLC_Weapon_Sword_502.msbt,fa7d70f4
EventFlowMsg/DgnObj_HintBoard.msbt,99ffb60d
EventFlowMsg/DontDamageFlower.msbt,2d894f7a
EventFlowMsg/Drag_Hero.msbt,351a2d1b
EventFlowMsg/Dummy.msbt,f538d69b
EventFlowMsg/Electric_Relic.msbt,78160770
EventFlowMsg/FairyFountain.msbt,ea7e9e11
EventFlowMsg/FindDungeon.msbt,816a553a
EventFlowMsg/Find_Impa.msbt,050f317f
EventFlowMsg/Fire_Relic.msbt,6b05f999
EventFlowMsg/FironeMini_GiantHorse.msbt,a3557377
EventFlowMsg/FironeMini_HeartPond.msbt,a9c54c9c
EventFlowMsg/FironeMini_HorseEnemy.msbt,3181c9f5
EventFlowMsg/FironeMini_TerribleThunder.msbt,6d773257
EventFlowMsg/FirstOhenro.msbt,76dbe211
EventFlowMsg/FldObj_GerudoTownBook.msbt,ddf31d79
EventFlowMsg/FldObj_RockZoraRelief_A_M_01_ma.msbt,77374cd4
EventFlowMsg/FourJewel.msbt,5edd3b84
EventFlowMsg/Gaman.msbt,a482636c
EventFlowMsg/GerudoMiniJewel.msbt,31080713
EventFlowMsg/Gerudo_CarryIce.msbt,326ee4df
EventFlowMsg/Gerudo_CarryIce_mini.msbt,abca8751
EventFlowMsg/Gerudo_Ch_FindingValetta.msbt,d8064137
EventFlowMsg/Gerudo_Ch_Helmet.msbt,7c63cf2c
EventFlowMsg/Gerudo_Ch_Poison.msbt,10595136
EventFlowMsg/Gerudo_Ch_SandWarm.msbt,fa590329
EventFlowMsg/Gerudo_Ch_SecretClub.msbt,b9ddb982
EventFlowMsg/Gerudo_Ch_SnowBoots.msbt,d302c204
EventFlowMsg/Gerudo_Ch_SnowMT.msbt,de5868c6
EventFlowMsg/Gerudo_HorseBuyer.msbt,dad0dc8a
EventFlowMsg/Gerudo_tsukamidake.msbt,b03fc0f0
EventFlowMsg/Get_MasterSword.msbt,61c0a23b
EventFlowMsg/GodTree.msbt,87f8034b
EventFlowMsg/GoronCamp.msbt,9067eba3
EventFlowMsg/GoronCamp_mini.msbt,4b4cb46f
EventFlowMsg/GoronsRock.msbt,b4bca1e4
EventFlowMsg/GotoZoraVillage.msbt,b7bfc3fb
EventFlowMsg/HateeluMini_Treasure.msbt,e73eb546
EventFlowMsg/HatenoMini_BlueFire.msbt,0155f821
EventFlowMsg/HorseAssociationCustum001.msbt,53715a6f
EventFlowMsg/HorseGod001.msbt,2ce34f4a
EventFlowMsg/HutagoHatago_Ch_001.msbt,7656659a
EventFlowMsg/HyruleCastle.msbt,1d59a05e
EventFlowMsg/HyruleDepthMini_WhiteHorse.msbt,59cb8238
EventFlowMsg/HyrulePlainMini_Balloon.msbt,d08788a8
EventFlowMsg/isso_treasure_mini.msbt,0883131f
EventFlowMsg/Kakariko_Cha_001.msbt,141c31a7
EventFlowMsg/Kakariko_Cha_003.msbt,1e6c8fff
EventFlowMsg/Kakariko_Ch_004.msbt,ade06507
EventFlowMsg/Kakariko_Ch_005.msbt,31177abf
EventFlowMsg/Kakariko_Ch_006.msbt,dd5e1ec3
EventFlowMsg/KnightDoll.msbt,6a5ef096
EventFlowMsg/KorokMini_KorokShiren.msbt,f385b9f7
EventFlowMsg/KorokMini_RiddleShiren.msbt,34fc500a
EventFlowMsg/KorokMini_RodShiren.msbt,a4780b20
EventFlowMsg/KorokMini_UMAShiren.msbt,af806e15
EventFlowMsg/MagneticFld.msbt,9be9d8d1
EventFlowMsg/MamonoShop_BigEnemy_Giant.msbt,f538d69b
EventFlowMsg/MamonoShop_BigEnemy_Golem.msbt,f538d69b
EventFlowMsg/MamonoShop_BigEnemy_Sandworm.msbt,f538d69b
EventFlowMsg/MarittaMini_BigWhales.msbt,225bbbad
EventFlowMsg/MinamihateeluMini_touzoku.msbt,61167dd2
EventFlowMsg/MiniGame_Bowling.msbt,3a677f92
EventFlowMsg/MiniGame_Crosscountry.msbt,8a1e28cc
EventFlowMsg/MiniGame_GambleTreasureBox.msbt,ca941bfb
EventFlowMsg/MiniGame_HillTower_BirdMan.msbt,47afc692
EventFlowMsg/MiniGame_HorsebackArchery.msbt,09b1ca2d
EventFlowMsg/MiniGame_HorseRace.msbt,e0b8bedf
EventFlowMsg/MiniGame_KitakkareBF.msbt,ba192061
EventFlowMsg/MiniGame_ParasailArchery.msbt,b353786e
EventFlowMsg/MiniGame_ParasailRide.msbt,ddd408b0
EventFlowMsg/MiniGame_ShieldSurfing.msbt,6f6ecccc
EventFlowMsg/MiniGame_SmashGolf.msbt,62107867
EventFlowMsg/MiniGame_TimeLimitHunting.msbt,4eeb5b9b
EventFlowMsg/MouthofDragon.msbt,0c6b5d27
EventFlowMsg/MtMotelMini_Landscape.msbt,47adaa37
EventFlowMsg/NakedIsland.msbt,f2c46988
EventFlowMsg/Npc_AncientAssistant001.msbt,20cb7171
EventFlowMsg/Npc_AncientAssistant003.msbt,df15418d
EventFlowMsg/Npc_AncientAssistant004.msbt,d986130b
EventFlowMsg/Npc_AncientDoctor.msbt,30a868e3
EventFlowMsg/Npc_AncientDoctor_Hateno.msbt,ffcc8ae6
EventFlowMsg/NPC_artist_000.msbt,160e28e8
EventFlowMsg/NPC_artist_001.msbt,29cac04c
EventFlowMsg/NPC_artist_002.msbt,cb95ce80
EventFlowMsg/NPC_artist_003.msbt,5b5d6a6e
EventFlowMsg/NPC_artist_004.msbt,fd2294f4
EventFlowMsg/NPC_artist_005.msbt,7412b2f9
EventFlowMsg/NPC_artist_006.msbt,e06e3d99
EventFlowMsg/NPC_artist_007.msbt,b0573b5a
EventFlowMsg/NPC_artist_008.msbt,5a072741
EventFlowMsg/NPC_artist_009.msbt,7920823d
EventFlowMsg/NPC_artist_010.msbt,61a55c84
EventFlowMsg/NPC_artist_011.msbt,dfd8c321
EventFlowMsg/Npc_Assassin_001.msbt,deb7004e
EventFlowMsg/Npc_Assassin_002.msbt,b092afe9
EventFlowMsg/Npc_Assassin_003.msbt,5577e573
EventFlowMsg/Npc_Assassin_004.msbt,1466a05d
EventFlowMsg/Npc_Assassin_005.msbt,3ca2e966
EventFlowMsg/Npc_Assassin_006.msbt,06a8c2d3
EventFlowMsg/Npc_Assassin_007.msbt,a8d741af
EventFlowMsg/Npc_Assassin_008.msbt,326ea7ac
EventFlowMsg/Npc_Assassin_009.msbt,86be1e89
EventFlowMsg/Npc_Assassin_010.msbt,7d97ba6a
EventFlowMsg/Npc_Attacked_001.msbt,ed230506
EventFlowMsg/Npc_Attacked_002.msbt,7b457bfe
EventFlowMsg/Npc_Attacked_003.msbt,467f35d2
EventFlowMsg/Npc_Attacked_004.msbt,9c8c880c
EventFlowMsg/Npc_Attacked_005.msbt,e15bec35
EventFlowMsg/Npc_Attacked_006.msbt,78f4693d
EventFlowMsg/Npc_Attacked_007.msbt,94df9718
EventFlowMsg/Npc_Attacked_008.msbt,0f4e4e07
EventFlowMsg/Npc_Attacked_009.msbt,3c224ef4
EventFlowMsg/Npc_Attacked_010.msbt,56e38276
EventFlowMsg/Npc_Attacked_011.msbt,ee228008
EventFlowMsg/Npc_Attacked_012.msbt,a48f4721
EventFlowMsg/Npc_Bottle_Mes001.msbt,e12b03d0
EventFlowMsg/Npc_Bowling.msbt,b8072770
EventFlowMsg/Npc_Challenge093Lady.msbt,32355991
EventFlowMsg/NPC_Common_B.msbt,917ca2cf
EventFlowMsg/NPC_Common_G.msbt,d975e521
EventFlowMsg/NPC_Common_Korok.msbt,ea2c2fd3
EventFlowMsg/NPC_Common_M.msbt,6cb23d0b
EventFlowMsg/NPC_Common_M_Warrior.msbt,8a27b63f
EventFlowMsg/NPC_Common_W.msbt,f0f6b06e
EventFlowMsg/NPC_Common_W_Warrior.msbt,f22c235e
EventFlowMsg/NPC_Common_X.msbt,5ea37825
EventFlowMsg/NPC_Common_Y.msbt,6a7662c0
EventFlowMsg/Npc_DeathEastHatago_002.msbt,956f906d
EventFlowMsg/Npc_DeathEastHatago_003.msbt,de741ba9
EventFlowMsg/Npc_DeathMt001.msbt,707d1808
EventFlowMsg/Npc_DressFairy_00.msbt,3847603a
EventFlowMsg/Npc_DressFairy_01.msbt,e2367bc8
EventFlowMsg/Npc_DressFairy_02.msbt,7b3c0290
EventFlowMsg/Npc_DressFairy_03.msbt,aaf05d52
EventFlowMsg/Npc_FaronWoods001.msbt,fd66246f
EventFlowMsg/Npc_FaronWoods003.msbt,63f19f65
EventFlowMsg/Npc_FaronWoods006.msbt,2900270f
EventFlowMsg/Npc_FaronWoods007.msbt,7e0b1ba7
EventFlowMsg/Npc_FaronWoods008.msbt,6e947df3
EventFlowMsg/Npc_FaronWoods009.msbt,76dc6ba2
EventFlowMsg/Npc_FirstColony004.msbt,fbad6718
EventFlowMsg/Npc_GerudoDesert001.msbt,5059be9f
EventFlowMsg/Npc_GerudoDesert002.msbt,9c8a7c3e
EventFlowMsg/Npc_GerudoDesert003.msbt,713286b8
EventFlowMsg/Npc_GerudoDesert004.msbt,bbb9ced5
EventFlowMsg/Npc_gerudovalley001.msbt,e03bb0de
EventFlowMsg/Npc_goron001.msbt,d53eda76
EventFlowMsg/Npc_goron002.msbt,8721e678
EventFlowMsg/Npc_goron003.msbt,844ac859
EventFlowMsg/Npc_goron004.msbt,2f13e4a6
EventFlowMsg/Npc_Goron005.msbt,66d1b2ce
EventFlowMsg/Npc_Goron006.msbt,d198c943
EventFlowMsg/Npc_Goron011.msbt,bd7ef53c
EventFlowMsg/Npc_Goron012.msbt,2ed9b484
EventFlowMsg/Npc_Goron013.msbt,abe8e70c
EventFlowMsg/Npc_Goron014.msbt,f6497a55
EventFlowMsg/Npc_Goron015.msbt,2fe04d80
EventFlowMsg/Npc_Goron016.msbt,8be1325f
EventFlowMsg/Npc_Goron017.msbt,2a82893d
EventFlowMsg/Npc_Goron018.msbt,3963a7c4
EventFlowMsg/Npc_Goron020.msbt,311a43ef
EventFlowMsg/Npc_Goron020_2.msbt,89f272c9
EventFlowMsg/Npc_Goron021.msbt,c8cf92c6
EventFlowMsg/Npc_Goron022.msbt,2b0090c3
EventFlowMsg/Npc_Goron023.msbt,cef9c940
EventFlowMsg/Npc_Goron025.msbt,b0bd7b34
EventFlowMsg/Npc_goron026.msbt,2f470e10
EventFlowMsg/Npc_Goron030.msbt,eadea204
EventFlowMsg/Npc_Goron031.msbt,a670fc56
EventFlowMsg/Npc_Goron032.msbt,72afa403
EventFlowMsg/Npc_Goron033.msbt,88b8db1a
EventFlowMsg/Npc_Goron109.msbt,bdfb6641
EventFlowMsg/Npc_Goron110.msbt,f8e9f51f
EventFlowMsg/Npc_Goron_Camp001.msbt,730c141a
EventFlowMsg/Npc_Goron_Camp002.msbt,ceea6b9b
EventFlowMsg/Npc_Goron_Camp003.msbt,566a59e2
EventFlowMsg/Npc_HatenoGate001.msbt,f026e4b0
EventFlowMsg/Npc_HatenoGate002.msbt,81195c77
EventFlowMsg/Npc_HatenoGate003.msbt,d3b87f91
EventFlowMsg/Npc_HatenoVillage.msbt,a8448e5b
EventFlowMsg/Npc_HatenoVillage001.msbt,7248eeb9
EventFlowMsg/Npc_HatenoVillage002.msbt,52e67bb5
EventFlowMsg/Npc_HatenoVillage003.msbt,dcb1164f
EventFlowMsg/Npc_HatenoVillage004.msbt,7419b8e9
EventFlowMsg/Npc_HatenoVillage005.msbt,c8f2b197
EventFlowMsg/Npc_HatenoVillage006.msbt,50c96e44
EventFlowMsg/Npc_HatenoVillage007.msbt,781dd1b5
EventFlowMsg/Npc_HatenoVillage008.msbt,04abdd08
EventFlowMsg/Npc_HatenoVillage009.msbt,4ffc9704
EventFlowMsg/Npc_HatenoVillage010.msbt,cacff95a
EventFlowMsg/Npc_HatenoVillage011.msbt,c0e66f0d
EventFlowMsg/Npc_HatenoVillage012.msbt,36c9b061
EventFlowMsg/Npc_HatenoVillage013.msbt,29eca9c0
EventFlowMsg/Npc_HatenoVillage014.msbt,110c2e6f
EventFlowMsg/Npc_HatenoVillage015.msbt,51505b9c
EventFlowMsg/Npc_HatenoVillage017.msbt,f66a03e6
EventFlowMsg/Npc_HatenoVillage018.msbt,02c9d334
EventFlowMsg/Npc_HatenoVillage019.msbt,7e912c4c
EventFlowMsg/Npc_HatenoVillage020.msbt,ce389d57
EventFlowMsg/Npc_HatenoVillage021.msbt,6acbaca9
EventFlowMsg/Npc_HatenoVillage022.msbt,05d8cb3a
EventFlowMsg/Npc_HatenoVillage023.msbt,8841ddcb
EventFlowMsg/Npc_HatenoVillage024.msbt,0f13ed24
EventFlowMsg/Npc_HatenoVillage025.msbt,b8e22faf
EventFlowMsg/Npc_HatenoVillage026.msbt,268fa8b4
EventFlowMsg/Npc_HatenoVillage027.msbt,d89c48ca
EventFlowMsg/Npc_HatenoVillage028.msbt,4356b5e9
EventFlowMsg/Npc_HatenoVillage029.msbt,9a1fd3d2
EventFlowMsg/Npc_HatenoVillage030.msbt,ab3eae26
EventFlowMsg/Npc_HatenoVillage031.msbt,14dea235
EventFlowMsg/Npc_HatenoVillage032.msbt,2a0e7fb7
EventFlowMsg/Npc_HatenoVillage033.msbt,0d1bcaec
EventFlowMsg/Npc_HiddenKorok.msbt,7bd09ba0
EventFlowMsg/Npc_HighMountain001.msbt,421f9cc7
EventFlowMsg/Npc_HighMountain003.msbt,f92d151e
EventFlowMsg/Npc_HighMountain004.msbt,1c016b77
EventFlowMsg/Npc_HighMountain005.msbt,f8341d0a
EventFlowMsg/Npc_HighMountain008.msbt,b242b912
EventFlowMsg/Npc_HighMountain009.msbt,952563e9
EventFlowMsg/Npc_HighMountain010.msbt,2b4fdc8c
EventFlowMsg/Npc_HighMountain011.msbt,eefd68b9
EventFlowMsg/Npc_HighMountain012.msbt,3e043f0a
EventFlowMsg/Npc_HighMountain013.msbt,c20cf769
EventFlowMsg/Npc_HighMountain020.msbt,4269734f
EventFlowMsg/Npc_HighMountain021.msbt,754920a8
EventFlowMsg/Npc_HighMountain025.msbt,d5ff89ce
EventFlowMsg/Npc_HighMountain030.msbt,eb082990
EventFlowMsg/Npc_HighMountain031.msbt,cc0ec676
EventFlowMsg/Npc_HighMountain032.msbt,b01d8ecf
EventFlowMsg/Npc_HighMountain033.msbt,0134f353
EventFlowMsg/Npc_HighMountain034.msbt,3525340b
EventFlowMsg/Npc_HighMountain035.msbt,fec2e865
EventFlowMsg/Npc_HighMountain036.msbt,b14f3ce0
EventFlowMsg/Npc_HighMountain037.msbt,80166565
EventFlowMsg/Npc_HighMountain040.msbt,67829298
EventFlowMsg/Npc_HighMountain041.msbt,bcfea921
EventFlowMsg/Npc_HorseBuyer.msbt,13963bcf
EventFlowMsg/Npc_Hunters_Lost.msbt,bd6f230d
EventFlowMsg/Npc_HutagoHatago_002.msbt,c2ef9f36
EventFlowMsg/Npc_HutagoHatago_Woman_01.msbt,47e97b62
EventFlowMsg/Npc_HyruleDepthHatago001.msbt,8987bef4
EventFlowMsg/Npc_HyruleDepthHatago002.msbt,37412bc1
EventFlowMsg/Npc_HyruleDepthHatago003.msbt,caa7be87
EventFlowMsg/Npc_HyruleDepthHatago004.msbt,aa7022fb
EventFlowMsg/Npc_HyruleDepthHatago006.msbt,88777322
EventFlowMsg/Npc_HyruleDepthHatago007.msbt,a1a94af1
EventFlowMsg/Npc_HyrulePlain004.msbt,b4962537
EventFlowMsg/Npc_HyrulePlain005.msbt,857e6cbd
EventFlowMsg/Npc_HyrulePlain006.msbt,9862396a
EventFlowMsg/Npc_HyruleWestHatago001.msbt,66c4b977
EventFlowMsg/Npc_HyruleWestHatago002.msbt,ff3dbd74
EventFlowMsg/Npc_HyruleWestHatago003.msbt,59cf87c6
EventFlowMsg/Npc_HyruleWestHatago004.msbt,80288850
EventFlowMsg/Npc_HyruleWestHatago006.msbt,df212c07
EventFlowMsg/Npc_Kakariko001.msbt,a1948192
EventFlowMsg/Npc_Kakariko002.msbt,70fbc6dc
EventFlowMsg/Npc_Kakariko003.msbt,1f00e615
EventFlowMsg/Npc_Kakariko004.msbt,8a7467c6
EventFlowMsg/Npc_Kakariko005.msbt,047e736f
EventFlowMsg/Npc_Kakariko006.msbt,975ad5c2
EventFlowMsg/Npc_Kakariko007.msbt,3af6333d
EventFlowMsg/Npc_Kakariko008.msbt,ffd4a8c1
EventFlowMsg/Npc_Kakariko010.msbt,0d0babb8
EventFlowMsg/Npc_Kakariko011.msbt,6ad77a18
EventFlowMsg/Npc_Kakariko012.msbt,7fbc7299
EventFlowMsg/Npc_Kakariko013.msbt,88499e8b
EventFlowMsg/Npc_Kakariko014.msbt,0fedcefc
EventFlowMsg/Npc_Kakariko015.msbt,09515f8c
EventFlowMsg/Npc_Kakariko016.msbt,630fd83e
EventFlowMsg/Npc_King_Common.msbt,75146305
EventFlowMsg/Npc_King_Parasail002.msbt,3078c0df
EventFlowMsg/Npc_King_Parasail004.msbt,649143c7
EventFlowMsg/Npc_King_Parasail005.msbt,552d4198
EventFlowMsg/Npc_King_Vagrant001.msbt,add42f33
EventFlowMsg/Npc_King_Vagrant003.msbt,dcce8a98
EventFlowMsg/Npc_King_Vagrant004.msbt,0f0d827f
EventFlowMsg/Npc_King_Vagrant005.msbt,2c13a1c4
EventFlowMsg/Npc_King_Vagrant006.msbt,a7ab0913
EventFlowMsg/Npc_kokiri001.msbt,f71eb605
EventFlowMsg/Npc_kokiri002.msbt,3adfaed4
EventFlowMsg/Npc_kokiri003.msbt,1aa2b12e
EventFlowMsg/Npc_kokiri004.msbt,1e5b0b13
EventFlowMsg/Npc_kokiri005.msbt,59e4a6ce
EventFlowMsg/Npc_kokiri006.msbt,df9bee11
EventFlowMsg/Npc_Kokiri007.msbt,5b48ad04
EventFlowMsg/Npc_Kokiri008.msbt,35614b6f
EventFlowMsg/Npc_kokiri009.msbt,cb3560d0
EventFlowMsg/Npc_Kokiri010.msbt,a9e2e117
EventFlowMsg/Npc_kokiri012.msbt,58099064
EventFlowMsg/Npc_LakeSideHatago005.msbt,fb91dcea
EventFlowMsg/Npc_LakeSideHatago006.msbt,58ced8d4
EventFlowMsg/NPC_Lanayru001.msbt,0ada2fe1
EventFlowMsg/NPC_Lanayru002.msbt,0b61f37e
EventFlowMsg/Npc_Lanayru003.msbt,8e210e96
EventFlowMsg/Npc_Lanayru004.msbt,9c8893e0
EventFlowMsg/Npc_MamonoShop.msbt,d3bd4bfb
EventFlowMsg/Npc_Musician_001.msbt,d5054b31
EventFlowMsg/Npc_Musician_002.msbt,ea878e77
EventFlowMsg/Npc_Musician_003.msbt,50873a9e
EventFlowMsg/Npc_Musician_005.msbt,2241e29d
EventFlowMsg/Npc_Musician_006.msbt,c1fb4476
EventFlowMsg/Npc_Musician_007.msbt,46170b7d
EventFlowMsg/Npc_Musician_008.msbt,ac8982a4
EventFlowMsg/Npc_Musician_009.msbt,a97a7127
EventFlowMsg/Npc_Musician_010.msbt,2ec6b845
EventFlowMsg/Npc_Musician_011.msbt,4b6b45af
EventFlowMsg/Npc_Musician_012.msbt,fa9786d2
EventFlowMsg/Npc_Musician_014.msbt,913c6039
EventFlowMsg/Npc_Musician_015.msbt,02f1192d
EventFlowMsg/Npc_Musician_AoC_BalladOfHeroes.msbt,86f1d164
EventFlowMsg/Npc_Musician_AoC_BalladOfHeroes_Last.msbt,df6d4332
EventFlowMsg/Npc_Musician_AoC_HeroGerudo.msbt,f13b3a9f
EventFlowMsg/Npc_Musician_AoC_HeroGerudoRelief.msbt,86f1d164
EventFlowMsg/Npc_Musician_AoC_HeroGoron.msbt,afbf99f8
EventFlowMsg/Npc_Musician_AoC_HeroGoronRelief.msbt,86f1d164
EventFlowMsg/Npc_Musician_AoC_HeroRito.msbt,421df369
EventFlowMsg/Npc_Musician_AoC_HeroRitoRelief.msbt,86f1d164
EventFlowMsg/Npc_Musician_AoC_HeroZora.msbt,1495a188
EventFlowMsg/Npc_Musician_AoC_HeroZoraRelief.msbt,86f1d164
EventFlowMsg/Npc_NorthHatelHatago001.msbt,e48749ed
EventFlowMsg/Npc_NorthHatelHatago002.msbt,9e18b0ab
EventFlowMsg/Npc_NorthHateru003.msbt,af24213c
EventFlowMsg/Npc_NorthHateru005.msbt,065ec799
EventFlowMsg/Npc_NorthHateru_around001.msbt,4c2ab785
EventFlowMsg/Npc_oasis001.msbt,db5bd130
EventFlowMsg/Npc_oasis002.msbt,37a62d3f
EventFlowMsg/Npc_oasis003.msbt,01b64a80
EventFlowMsg/NPC_oasis004.msbt,45563f8e
EventFlowMsg/Npc_oasis005.msbt,ca60acac
EventFlowMsg/Npc_oasis006.msbt,954add38
EventFlowMsg/Npc_oasis007.msbt,9d1ab0a6
EventFlowMsg/Npc_oasis008.msbt,81ca6d1f
EventFlowMsg/Npc_oasis009.msbt,b207747c
EventFlowMsg/Npc_oasis010.msbt,40e7297b
EventFlowMsg/Npc_oasis011.msbt,a3c4e779
EventFlowMsg/Npc_oasis012.msbt,a40daed5
EventFlowMsg/Npc_oasis013.msbt,24fe3a05
EventFlowMsg/Npc_oasis014.msbt,77c79230
EventFlowMsg/Npc_oasis015.msbt,03ed6325
EventFlowMsg/Npc_oasis016.msbt,f95c46ee
EventFlowMsg/Npc_oasis017.msbt,42a9d3a5
EventFlowMsg/Npc_oasis018.msbt,9d43c0b4
EventFlowMsg/Npc_oasis019.msbt,413e1fde
EventFlowMsg/Npc_oasis020.msbt,330c9f49
EventFlowMsg/Npc_oasis021.msbt,2e9c9468
EventFlowMsg/Npc_oasis022.msbt,610b33b5
EventFlowMsg/Npc_oasis023.msbt,94b5707a
EventFlowMsg/Npc_oasis024.msbt,2754162a
EventFlowMsg/Npc_oasis025.msbt,880c1d1e
EventFlowMsg/Npc_oasis026.msbt,dad0d8b9
EventFlowMsg/Npc_oasis027.msbt,525703fb
EventFlowMsg/Npc_oasis028.msbt,3600aa27
EventFlowMsg/Npc_oasis029.msbt,d94116be
EventFlowMsg/Npc_oasis032.msbt,826ea30e
EventFlowMsg/Npc_oasis036.msbt,e34a3904
EventFlowMsg/Npc_oasis037.msbt,052d1319
EventFlowMsg/Npc_oasis038.msbt,31691853
EventFlowMsg/Npc_oasis039.msbt,3510b3ab
EventFlowMsg/Npc_oasis040.msbt,555ec8d4
EventFlowMsg/Npc_oasis041.msbt,d6bbb8f3
EventFlowMsg/Npc_oasis042.msbt,cb664569
EventFlowMsg/Npc_oasis043.msbt,0a591540
EventFlowMsg/Npc_oasis044.msbt,06777e8d
EventFlowMsg/Npc_oasis045.msbt,6c53c027
EventFlowMsg/Npc_oasis046.msbt,7d9893c1
EventFlowMsg/Npc_oasis047.msbt,267bdc8d
EventFlowMsg/Npc_oasis050.msbt,fda3175e
EventFlowMsg/Npc_OasisGoddess.msbt,17a9452e
EventFlowMsg/Npc_OasisGoron_001.msbt,d1e15c08
EventFlowMsg/Npc_OasisHighMountain_001.msbt,b5ec1b3c
EventFlowMsg/Npc_OasisHylia_001.msbt,26494e49
EventFlowMsg/Npc_OasisHylia_002.msbt,55c34c91
EventFlowMsg/Npc_OasisHylia_003.msbt,44668152
EventFlowMsg/Npc_OasisMilk_A.msbt,64e3fc0f
EventFlowMsg/Npc_OasisMilk_D.msbt,a8c888eb
EventFlowMsg/Npc_OasisMilk_E.msbt,dace4235
EventFlowMsg/Npc_OasisSoldier_A.msbt,535bc1a9
EventFlowMsg/Npc_OasisSoldier_B.msbt,fb8c89d7
EventFlowMsg/Npc_OasisSoldier_C.msbt,adb23ee8
EventFlowMsg/Npc_OasisStep_A.msbt,3fce46fe
EventFlowMsg/Npc_OasisStep_B.msbt,e5b184e6
EventFlowMsg/Npc_OasisStudent_A.msbt,35ce7a04
EventFlowMsg/Npc_OasisStudent_B.msbt,961231e3
EventFlowMsg/Npc_OasisStudent_C.msbt,2d5f4ea6
EventFlowMsg/Npc_OasisTeacher.msbt,c0047f40
EventFlowMsg/Npc_OldKorok.msbt,2f700e28
EventFlowMsg/Npc_OldKorok_Forest.msbt,665af179
EventFlowMsg/Npc_OldKorok_Help.msbt,86c5d481
EventFlowMsg/Npc_OldKorok_Rvs.msbt,39deee50
EventFlowMsg/Npc_OldKorok_WetLand.msbt,6afa61a0
EventFlowMsg/Npc_Remains_Fancier001.msbt,5ef14d0f
EventFlowMsg/Npc_RitoHatago001.msbt,26721e3f
EventFlowMsg/Npc_RitoHatago002.msbt,87b3df6c
EventFlowMsg/Npc_RitoHatago003.msbt,1a2c5d16
EventFlowMsg/Npc_RitoHatago004.msbt,ac517208
EventFlowMsg/Npc_RiverSideHatago001.msbt,5299fe5b
EventFlowMsg/Npc_RiverSideHatago002.msbt,aac01c52
EventFlowMsg/Npc_Road_001.msbt,625ab83c
EventFlowMsg/Npc_Road_002.msbt,c8311cc6
EventFlowMsg/Npc_Road_003.msbt,c0f4033c
EventFlowMsg/Npc_Road_004.msbt,179af0fb
EventFlowMsg/Npc_Road_005.msbt,2bfce416
EventFlowMsg/Npc_Road_006.msbt,42bda704
EventFlowMsg/Npc_Road_007.msbt,d47f3b80
EventFlowMsg/Npc_Road_008.msbt,d909b1ed
EventFlowMsg/Npc_Road_009.msbt,54121e0a
EventFlowMsg/Npc_Road_010.msbt,8d25a928
EventFlowMsg/Npc_Road_011.msbt,5d55abdc
EventFlowMsg/Npc_Road_012.msbt,1e10d780
EventFlowMsg/Npc_Road_013.msbt,a9805a96
EventFlowMsg/Npc_Road_014.msbt,35fb6821
EventFlowMsg/Npc_Road_015.msbt,acaa2c62
EventFlowMsg/Npc_Road_016.msbt,b43b1ea3
EventFlowMsg/Npc_Road_017.msbt,4fef4016
EventFlowMsg/Npc_Road_018.msbt,ec13ced6
EventFlowMsg/Npc_Road_019.msbt,fed29cf9
EventFlowMsg/Npc_Road_020.msbt,53146336
EventFlowMsg/Npc_Road_021.msbt,73774519
EventFlowMsg/Npc_Road_022.msbt,20a66f2f
EventFlowMsg/Npc_Road_023.msbt,d2dc340c
EventFlowMsg/Npc_Road_024.msbt,ecac7b2f
EventFlowMsg/Npc_Road_025.msbt,c9976daf
EventFlowMsg/Npc_Road_026.msbt,99981f3c
EventFlowMsg/Npc_Road_027.msbt,39e14bbe
EventFlowMsg/Npc_Road_028.msbt,54254517
EventFlowMsg/Npc_Road_029.msbt,ffd52e04
EventFlowMsg/Npc_Road_030.msbt,6f18c2e9
EventFlowMsg/Npc_Road_031.msbt,8d246608
EventFlowMsg/Npc_Road_032.msbt,2cf32128
EventFlowMsg/Npc_Road_033.msbt,f575c818
EventFlowMsg/Npc_Road_034.msbt,15aba314
EventFlowMsg/Npc_Road_035.msbt,ed11ea90
EventFlowMsg/Npc_Road_036.msbt,704c9f63
EventFlowMsg/Npc_Road_037.msbt,7ee421f0
EventFlowMsg/Npc_Road_040.msbt,3bb74703
EventFlowMsg/Npc_Road_041.msbt,0b911e96
EventFlowMsg/Npc_Road_042.msbt,4311c7c6
EventFlowMsg/Npc_Road_043.msbt,f361118e
EventFlowMsg/Npc_Road_044.msbt,69289372
EventFlowMsg/Npc_Road_045.msbt,bd7c976e
EventFlowMsg/Npc_Road_Firone002.msbt,9249426a
EventFlowMsg/Npc_SmallOasis001.msbt,fb68676d
EventFlowMsg/Npc_SmallOasis002.msbt,8c182134
EventFlowMsg/Npc_SmallOasis003.msbt,1ea45156
EventFlowMsg/Npc_SmallOasis004.msbt,3ac16a6f
EventFlowMsg/Npc_SmallOasis005.msbt,3a0bc30b
EventFlowMsg/Npc_SmallOasis006.msbt,c287e955
EventFlowMsg/Npc_SmallOasis007.msbt,e1f64cb4
EventFlowMsg/Npc_SmallOasis008.msbt,d7e3c325
EventFlowMsg/Npc_SmallOasis009.msbt,04353f4b
EventFlowMsg/Npc_SmallOasis010.msbt,4881bfff
EventFlowMsg/Npc_SmallOasis011.msbt,ce876037
EventFlowMsg/Npc_SmallOasis012.msbt,9ae3e011
EventFlowMsg/Npc_SouthernVillage001.msbt,c72a895f
EventFlowMsg/Npc_SouthernVillage004.msbt,9372f7cc
EventFlowMsg/Npc_SouthernVillage005.msbt,c13ec17f
EventFlowMsg/Npc_SouthernVillage006.msbt,53cda545
EventFlowMsg/Npc_SouthernVillage007.msbt,8df7ccb2
EventFlowMsg/Npc_SouthernVillage008.msbt,9f0a35c6
EventFlowMsg/Npc_SouthernVillage009.msbt,860fe87f
EventFlowMsg/Npc_SouthernVillage010.msbt,7555d074
EventFlowMsg/Npc_SouthernVillage012.msbt,93af856a
EventFlowMsg/Npc_SouthernVillage013.msbt,577c51b8
EventFlowMsg/Npc_SouthernVillage014.msbt,d401c9ee
EventFlowMsg/Npc_SouthernVillage015.msbt,67d309b9
EventFlowMsg/Npc_SouthernVillage016.msbt,2fd7db5f
EventFlowMsg/Npc_SouthHateru005.msbt,0b282282
EventFlowMsg/Npc_SouthHateru006.msbt,a916cf7f
EventFlowMsg/Npc_SouthHateru007.msbt,6df93ae4
EventFlowMsg/Npc_Strange_Beacon.msbt,e8841aba
EventFlowMsg/Npc_TabantaBridgeHatago001.msbt,33e5497c
EventFlowMsg/Npc_TabantaBridgeHatago002.msbt,e621db5c
EventFlowMsg/Npc_TabantaBridgeHatago003.msbt,d0622675
EventFlowMsg/Npc_TabantaBridgeHatago004.msbt,0ebdbe02
EventFlowMsg/Npc_TabantaBridgeHatago005.msbt,c4fd769b
EventFlowMsg/Npc_TabantaHatago001.msbt,d6735887
EventFlowMsg/Npc_TabantaHatago002.msbt,c556aaf5
EventFlowMsg/Npc_TabantaHatago003.msbt,31e303c8
EventFlowMsg/Npc_TamourHatago002.msbt,968364fb
EventFlowMsg/Npc_TamourHatago003.msbt,f8405775
EventFlowMsg/Npc_TamourHatago004.msbt,34f5fbe0
EventFlowMsg/Npc_TamourHatago2_001.msbt,7ff2e9fb
EventFlowMsg/Npc_TamourPlainHatago_001.msbt,13035551
EventFlowMsg/Npc_TamourPlainHatago_002.msbt,443fc771
EventFlowMsg/Npc_TamourPlainHatago_003.msbt,21d61122
EventFlowMsg/Npc_TripMaster_00.msbt,960ccf44
EventFlowMsg/Npc_TripMaster_01.msbt,b7d8ab98
EventFlowMsg/Npc_TripMaster_02.msbt,f0f4b0a4
EventFlowMsg/Npc_TripMaster_03.msbt,f3671e6a
EventFlowMsg/Npc_TripMaster_04.msbt,67f61a89
EventFlowMsg/Npc_TripMaster_05.msbt,ffe4cd19
EventFlowMsg/Npc_TripMaster_06.msbt,648f59d4
EventFlowMsg/Npc_TripMaster_07.msbt,0ca26660
EventFlowMsg/Npc_TripMaster_08.msbt,1d62ed5c
EventFlowMsg/Npc_TripMaster_09.msbt,e1c5a15f
EventFlowMsg/Npc_TripMaster_10.msbt,b9c134c1
EventFlowMsg/Npc_TripMaster_11.msbt,84165116
EventFlowMsg/Npc_TripMaster_12.msbt,29892277
EventFlowMsg/Npc_TripMaster_13.msbt,285100a7
EventFlowMsg/Npc_TripMaster_14.msbt,4744dee7
EventFlowMsg/Npc_TripMaster_15.msbt,ace0e3dc
EventFlowMsg/Npc_UmayadoMaster.msbt,2f7cb5e9
EventFlowMsg/Npc_UMiiVillage003.msbt,34a4083f
EventFlowMsg/Npc_UMiiVillage007.msbt,7bc23184
EventFlowMsg/Npc_UMiiVillage008.msbt,0c3778a3
EventFlowMsg/Npc_UMiiVillage009.msbt,692e91a1
EventFlowMsg/Npc_UMiiVillage010.msbt,4e276bca
EventFlowMsg/Npc_UMiiVillage030.msbt,3d4b7d31
EventFlowMsg/Npc_UMiiVillage031.msbt,844dbe50
EventFlowMsg/Npc_UMiiVillage032.msbt,acd9a8ed
EventFlowMsg/Npc_ValleyVillage010.msbt,0b1e9a88
EventFlowMsg/Npc_Zora001.msbt,019e008b
EventFlowMsg/Npc_Zora002.msbt,d2bc048d
EventFlowMsg/Npc_Zora003.msbt,19d2e645
EventFlowMsg/Npc_Zora004.msbt,2b85c2e0
EventFlowMsg/Npc_Zora005.msbt,163ff333
EventFlowMsg/Npc_Zora006.msbt,4952c763
EventFlowMsg/Npc_Zora007.msbt,e9ac66ad
EventFlowMsg/Npc_Zora008.msbt,732c90f4
EventFlowMsg/Npc_Zora009.msbt,00657c61
EventFlowMsg/Npc_Zora010.msbt,ae50f43b
EventFlowMsg/Npc_Zora011.msbt,3ff4ddec
EventFlowMsg/Npc_Zora012.msbt,f0969100
EventFlowMsg/Npc_Zora013.msbt,06cc04f1
EventFlowMsg/Npc_Zora014.msbt,8797ad84
EventFlowMsg/Npc_Zora015.msbt,a518699f
EventFlowMsg/Npc_Zora020.msbt,6c738efb
EventFlowMsg/Npc_Zora025.msbt,d5e57e73
EventFlowMsg/Npc_Zora027.msbt,50db00e6
EventFlowMsg/Npc_Zora028.msbt,096c887e
EventFlowMsg/Npc_Zora029.msbt,aa3ff186
EventFlowMsg/Npc_Zora031.msbt,eec26a55
EventFlowMsg/Npc_Zora032.msbt,2e693c45
EventFlowMsg/Npc_Zora033.msbt,cfd75c0f
EventFlowMsg/Npc_Zora034.msbt,9a95e6df
EventFlowMsg/Npc_Zora035.msbt,9e402993
EventFlowMsg/Npc_Zora036.msbt,c0b72868
EventFlowMsg/Npc_Zora037.msbt,aff887e2
EventFlowMsg/Npc_Zora126.msbt,603ab11e
EventFlowMsg/Npc_ZoraB001.msbt,5a8ecd89
EventFlowMsg/Npc_ZoraGoron_001.msbt,cee784c0
EventFlowMsg/Oasis_Drug_Challenge.msbt,6f1413b9
EventFlowMsg/Obj_DiaryGerudo_A_01.msbt,30306ff2
EventFlowMsg/Obj_DiaryHateno003_A_01.msbt,079f14ac
EventFlowMsg/Obj_DiaryHateno029_A_01.msbt,667c7e7c
EventFlowMsg/Obj_DiaryIceVillage011_A_01.msbt,058fb997
EventFlowMsg/Obj_DiaryKing_A_01.msbt,888456e1
EventFlowMsg/Obj_DiaryMusician_A_01.msbt,0e449630
EventFlowMsg/Obj_DiaryRito001_A_01.msbt,d608c932
EventFlowMsg/Obj_DiaryTamul_A_01.msbt,856462f8
EventFlowMsg/Obj_DiaryTamul_A_02.msbt,a1e4f2ac
EventFlowMsg/Obj_DiaryTamul_A_03.msbt,075e16bc
EventFlowMsg/Obj_DiaryTamul_A_04.msbt,e2b7469c
EventFlowMsg/Obj_DiaryTamul_A_05.msbt,174fdaee
EventFlowMsg/Obj_Diary_touzoku_01.msbt,c0a442bd
EventFlowMsg/Obj_Diary_touzoku_02.msbt,e3242e89
EventFlowMsg/OldKorok_Help.msbt,05a17c6a
EventFlowMsg/OneHundred.msbt,3f80a621
EventFlowMsg/OperationGuide.msbt,c83c7484
EventFlowMsg/Relief_Landing.msbt,a5acfb38
EventFlowMsg/Remains_Fancier.msbt,c2d1c399
EventFlowMsg/RinelSearch.msbt,209a38fb
EventFlowMsg/RitoUmayadoMini_HotRecipe.msbt,fa77bb4f
EventFlowMsg/Rito_BrosRock.msbt,df3cd73e
EventFlowMsg/Rito_KeelSearch.msbt,04aec220
EventFlowMsg/RiversideMini_CastleWeapon.msbt,633046a6
EventFlowMsg/RiversideMini_RoyalRecipe.msbt,6068560e
EventFlowMsg/SandStorm.msbt,78899cb2
EventFlowMsg/SanrokuMini_Lizard.msbt,76081126
EventFlowMsg/SearchStone.msbt,16da9073
EventFlowMsg/SeekerEye.msbt,c5f314a0
EventFlowMsg/SetugenUmayadoMini_Umahonephoto.msbt,ff33027d
EventFlowMsg/Shadow_Sign.msbt,98f03bf4
EventFlowMsg/ShieldofKolog.msbt,3de7cff6
EventFlowMsg/ShieldofKolog_mini.msbt,499421ed
EventFlowMsg/SignboardStone.msbt,bb97f937
EventFlowMsg/SignboardWood.msbt,51b2f768
EventFlowMsg/SignboardWood_Mamono.msbt,f538d69b
EventFlowMsg/Solitary_Maze.msbt,8bf62eaf
EventFlowMsg/StolenBook.msbt,50fdd99d
EventFlowMsg/Strange_Beacon_CookSet.msbt,199778d0
EventFlowMsg/subchallnpc000.msbt,eb9cb068
EventFlowMsg/SunazarashiRace.msbt,ecfe0686
EventFlowMsg/SunazarashiRace_mini.msbt,013ad440
EventFlowMsg/TabantaBridgeMini_Sundial.msbt,4ae5cac8
EventFlowMsg/Thunder_Sword.msbt,e398d9fb
EventFlowMsg/TreasureHunt01.msbt,ee7a9d00
EventFlowMsg/TreasureHunt02.msbt,a9d21ca6
EventFlowMsg/TreasureHunt03.msbt,2f680712
EventFlowMsg/TreasureHunt04.msbt,6a892742
EventFlowMsg/TwnObjVillage_ZoraSignboard.msbt,fffb666b
EventFlowMsg/TwnObj_AncientOven_A_01.msbt,0c3d1e37
EventFlowMsg/TwnObj_GerudoTown_RougeDiary_A_01.msbt,9c8d2efd
EventFlowMsg/TwnObj_HyruleCastleBook_A_01.msbt,d1469f74
EventFlowMsg/TwnObj_HyruleCastleBook_A_02.msbt,301378c9
EventFlowMsg/TwnObj_HyruleCastleBook_A_03.msbt,6ed6f86a
EventFlowMsg/TwnObj_HyruleCastleBook_A_04.msbt,4c86174a
EventFlowMsg/TwnObj_KarakaraBook_A_01.msbt,01c5ec76
EventFlowMsg/TwnObj_UmayadoBook_01.msbt,39019d60
EventFlowMsg/TwnObj_UmayadoBook_02.msbt,e2fbed44
EventFlowMsg/TwnObj_UmayadoBook_03.msbt,2963f004
EventFlowMsg/TwnObj_UmayadoBook_04.msbt,9bc4dc75
EventFlowMsg/TwnObj_UmayadoBook_05.msbt,fb6eb75b
EventFlowMsg/TwnObj_UmayadoBook_06.msbt,ee7a9d00
EventFlowMsg/TwnObj_UmayadoBook_07.msbt,a9d21ca6
EventFlowMsg/TwnObj_UmayadoHeroBook_01.msbt,4f469b94
EventFlowMsg/TwnObj_UmayadoHeroBook_02.msbt,dc596f22
EventFlowMsg/TwnObj_UmayadoHeroBook_03.msbt,e0adea4f
EventFlowMsg/TwnObj_UmayadoHeroBook_04.msbt,9911ec30
EventFlowMsg/TwnObj_Village_Korok_DekuTree_A_01.msbt,ee425db5
EventFlowMsg/TwnObj_Village_SheikerBook_A_01.msbt,4bf12c34
EventFlowMsg/TwnObj_Village_SheikerHeirDiary_A_02.msbt,498d9844
EventFlowMsg/TwoWheels.msbt,68ed096b
EventFlowMsg/UotoriMini_RecipeSea.msbt,9803d1f8
EventFlowMsg/UotoriMini_RecoverBay.msbt,8cdefa80
EventFlowMsg/UotoriMini_SinkTreasure.msbt,a539dd70
EventFlowMsg/Water_Relic.msbt,54d405a7
EventFlowMsg/Wind_Relic.msbt,731e8c2a
EventFlowMsg/Yorozuya_Kaiwa.msbt,e848c3be
EventFlowMsg/ZoraMini_DiveChallenge.msbt,0f21f2c5
LayoutMsg/AmiiboWindow_00.msbt,ee4c98a4
LayoutMsg/AppAlbum_00.msbt,4f5c1464
LayoutMsg/AppCamera_00.msbt,b0f23dfa
LayoutMsg/AppHome_00.msbt,b364d09b
LayoutMsg/AppMapDungeon_00.msbt,2d6ef0a4
LayoutMsg/AppMap_00.msbt,7b2fcc58
LayoutMsg/AppPictureBook_00.msbt,55109fb9
LayoutMsg/AppSystemWindowNoBtn_00.msbt,05837ff4
LayoutMsg/AppSystemWindow_00.msbt,242a84aa
LayoutMsg/AppTool_00.msbt,2eb48236
LayoutMsg/ChallengeWin_00.msbt,20a6ab46
LayoutMsg/ChangeControllerNN_00.msbt,ea352de7
LayoutMsg/ChangeController_00.msbt,5cd240c2
LayoutMsg/ControllerWindow_00.msbt,d028265b
LayoutMsg/DemoStart.msbt,90e5be9a
LayoutMsg/DLCWindow_00.msbt,aba03ce0
LayoutMsg/DoCommand_00.msbt,b8e094d3
LayoutMsg/End_00.msbt,5551c65c
LayoutMsg/Fade_00.msbt,1a936e89
LayoutMsg/GameOver_00.msbt,2555bb7c
LayoutMsg/GamePadBG_00.msbt,a6beb216
LayoutMsg/KeyBoradTextArea_00.msbt,bf2c5a91
LayoutMsg/LastComplete_00.msbt,d7b251f8
LayoutMsg/LoadingWeapon_00.msbt,19938e62
LayoutMsg/LoadSaveIcon_00.msbt,08e387fd
LayoutMsg/MainScreen_00.msbt,cd0b1b0c
LayoutMsg/MainShortCut_00.msbt,212c7db7
LayoutMsg/MessageGet_00.msbt,4137d10d
LayoutMsg/MessageTipsPauseMenu_00.msbt,5a8fe23f
LayoutMsg/MessageTipsRunTime_00.msbt,502edbc5
LayoutMsg/MiniGame_00.msbt,8115d707
LayoutMsg/OPtext_00.msbt,c3001c21
LayoutMsg/OptionWindow_00.msbt,84db2b4f
LayoutMsg/PauseMenuEiketsu_00.msbt,da410c1b
LayoutMsg/PauseMenuInfo_00.msbt,5df0f7c8
LayoutMsg/PauseMenuMantan_00.msbt,a207431e
LayoutMsg/PauseMenuRecipe_00.msbt,5b34a9a8
LayoutMsg/PauseMenu_00.msbt,21f06460
LayoutMsg/PickUpWin_00.msbt,5bfcc4f4
LayoutMsg/ReadyGo_00.msbt,f898115e
LayoutMsg/ShopBtnList15_00.msbt,75af38b9
LayoutMsg/ShopBtnList20_00.msbt,7e275ebc
LayoutMsg/ShopBtnList5_00.msbt,92c5f140
LayoutMsg/ShopHorse_00.msbt,8a6eeaff
LayoutMsg/ShopInfo_00.msbt,b564e3a8
LayoutMsg/Skip_00.msbt,93edd7ef
LayoutMsg/SousaGuide_00.msbt,fbb993d3
LayoutMsg/StaffRollDLC_00.msbt,9b4c3716
LayoutMsg/StaffRoll_00.msbt,1f7e1eec
LayoutMsg/SystemWindowNoBtn_00.msbt,3a44d419
LayoutMsg/SystemWindow_00.msbt,d74dc6df
LayoutMsg/SystemWindow_01.msbt,4bf3422e
LayoutMsg/Thanks_00.msbt,5a1e64be
LayoutMsg/Title_00.msbt,7e4dc681
LayoutMsg/WolfLinkHeartGauge_00.msbt,d77f5707
QuestMsg/QL_100enemy.msbt,7692f076
QuestMsg/QL_Animal_Forest.msbt,b85792fc
QuestMsg/QL_BalladOfHeroes.msbt,0baccdf6
QuestMsg/QL_BalladOfHeroGerudo.msbt,21b53167
QuestMsg/QL_BalladOfHeroGoron.msbt,24aa6408
QuestMsg/QL_BalladOfHeroRito.msbt,cf352403
QuestMsg/QL_BalladOfHeroZora.msbt,44ff02ff
QuestMsg/QL_bf2_collabo.msbt,3048b84a
QuestMsg/QL_BloodyMoonRelief.msbt,e1d605f2
QuestMsg/QL_Bottle_Mes.msbt,6e45ecbb
QuestMsg/QL_Carnivorous_Boy.msbt,995708b5
QuestMsg/QL_CarryingBlueFireEXMini.msbt,22c07e52
QuestMsg/QL_Cliff_Maze.msbt,3611766d
QuestMsg/QL_CompleteDungeon.msbt,139a40b8
QuestMsg/QL_CursedStatue.msbt,6b9c00b8
QuestMsg/QL_DarkWoods.msbt,7ec9764c
QuestMsg/QL_Desert_Maze.msbt,6e9006da
QuestMsg/QL_DokuroEye.msbt,373757f5
QuestMsg/QL_DontDamageFlower.msbt,a770ce94
QuestMsg/QL_Drag_Hero.msbt,f0976dde
QuestMsg/QL_Electric_Relic.msbt,e37b9c0e
QuestMsg/QL_FairyFountain.msbt,2a06918a
QuestMsg/QL_FindDungeon.msbt,89b6236b
QuestMsg/QL_Find_4Relic.msbt,13c073f8
QuestMsg/QL_Find_Impa.msbt,ed459bef
QuestMsg/QL_Fire_Relic.msbt,4679c78b
QuestMsg/QL_FironeMini_GiantHorse.msbt,f0977fe1
QuestMsg/QL_FironeMini_HeartPond.msbt,7e91de7b
QuestMsg/QL_FironeMini_HorseEnemy.msbt,cf395b9e
QuestMsg/QL_FironeMini_TerribleThunder.msbt,1eb630ab
QuestMsg/QL_FirstOhenro.msbt,c4bf4fd3
QuestMsg/QL_FirstTower.msbt,e74df06c
QuestMsg/QL_FourJewel.msbt,e539c7be
QuestMsg/QL_Gaman.msbt,2288e250
QuestMsg/QL_GanonQuest.msbt,ab181233
QuestMsg/QL_GerudoMiniJewel.msbt,e023fc1b
QuestMsg/QL_Gerudo_CarryIce.msbt,d5ee29a2
QuestMsg/QL_Gerudo_CarryIce_mini.msbt,580e88e6
QuestMsg/QL_Gerudo_Ch_FindingValetta.msbt,4ea9de33
QuestMsg/QL_Gerudo_Ch_Helmet.msbt,6c3c0439
QuestMsg/QL_Gerudo_Ch_Poison.msbt,9c8ea791
QuestMsg/QL_Gerudo_Ch_SandWarm.msbt,da80aa3d
QuestMsg/QL_Gerudo_Ch_SecretClub.msbt,9d0af220
QuestMsg/QL_Gerudo_Ch_SnowBoots.msbt,5c17c527
QuestMsg/QL_Gerudo_Ch_SnowMT.msbt,0d0999b9
QuestMsg/QL_Gerudo_HorseBuyer.msbt,1c01d177
QuestMsg/QL_Gerudo_tsukamidake.msbt,4b7c9a2b
QuestMsg/QL_Get_MasterSword.msbt,406252c6
QuestMsg/QL_Giant_ZoraMini.msbt,a4d713f4
QuestMsg/QL_GodTree.msbt,de217874
QuestMsg/QL_GoronCamp.msbt,04030cae
QuestMsg/QL_GoronCamp_mini.msbt,6e491b64
QuestMsg/QL_GoronCityMini_BeatGolem.msbt,ed816e4f
QuestMsg/QL_GoronMini_ImportGem.msbt,8bff3325
QuestMsg/QL_GoronMini_WallCrackTBox.msbt,67c34da9
QuestMsg/QL_GoronsRock.msbt,4f783d5b
QuestMsg/QL_GotoZoraVillage.msbt,a675252f
QuestMsg/QL_HateeluMini_Treasure.msbt,112835d1
QuestMsg/QL_HatenoMini_BlueFire.msbt,4d896cb5
QuestMsg/QL_HatenoMini_CameraBoy.msbt,20e272e5
QuestMsg/QL_HatenoMini_DevilSeal.msbt,388a84be
QuestMsg/QL_HatenoMini_GoatThief.msbt,eb29bd40
QuestMsg/QL_HatenoMini_LoveInsects.msbt,ce5d11a1
QuestMsg/QL_HatenoMini_MyHome.msbt,0b2e3705
QuestMsg/QL_HatenoMini_ThreeTree.msbt,ed1b8926
QuestMsg/QL_HatenoMini_WeaponMania.msbt,29fd2499
QuestMsg/QL_HatenoMini_WhiteDragon.msbt,e01be66a
QuestMsg/QL_Hateno_SheikPad_PowerUp.msbt,265ff99d
QuestMsg/QL_HigakkareMini_RedDragon.msbt,526d668c
QuestMsg/QL_HigakkareMini_StrangeMan.msbt,7e79247e
QuestMsg/QL_HutagoHatago_Ch_001.msbt,530935e1
QuestMsg/QL_HyruleDepthMini_WhiteHorse.msbt,f14fd3e4
QuestMsg/QL_HyrulePlainMini_Balloon.msbt,6df2411a
QuestMsg/QL_isso_treasure_mini.msbt,3f895342
QuestMsg/QL_Kakariko_Cha_001.msbt,411bd4db
QuestMsg/QL_Kakariko_Cha_003.msbt,5727b838
QuestMsg/QL_Kakariko_Ch_004.msbt,8ae42bec
QuestMsg/QL_Kakariko_Ch_005.msbt,06f58727
QuestMsg/QL_Kakariko_Ch_006.msbt,b4a7e7cf
QuestMsg/QL_Kakariko_Ch_Cooking2.msbt,8e7ebfb8
QuestMsg/QL_Kakariko_Ch_Cooking3.msbt,22db2baa
QuestMsg/QL_Kakariko_Ch_Cooking4.msbt,41993081
QuestMsg/QL_KnightDoll.msbt,3e170018
QuestMsg/QL_KorokMini_KorokShiren.msbt,b4711c94
QuestMsg/QL_KorokMini_RiddleShiren.msbt,5f85eeed
QuestMsg/QL_KorokMini_RodShiren.msbt,3a8d3db7
QuestMsg/QL_KorokMini_UMAShiren.msbt,037ed390
QuestMsg/QL_MacuseIseki.msbt,68a47b12
QuestMsg/QL_MagneticFld.msbt,d8922ea2
QuestMsg/QL_MarittaMini_BigWhales.msbt,3832f876
QuestMsg/QL_MinakkareMini_Dragonfly.msbt,5fef76ae
QuestMsg/QL_MinamihateeluMini_touzoku.msbt,91fc62d7
QuestMsg/QL_MiniGame100enemy.msbt,8973e76b
QuestMsg/QL_MiniGame_Bowling.msbt,f0071621
QuestMsg/QL_MiniGame_Crosscountry.msbt,da19c458
QuestMsg/QL_MiniGame_HillTower_BirdMan.msbt,4d81908a
QuestMsg/QL_MiniGame_HorsebackArchery.msbt,01848c7b
QuestMsg/QL_MiniGame_HorseRace.msbt,8df37b23
QuestMsg/QL_MiniGame_KitakkareBF.msbt,d3deb7b5
QuestMsg/QL_MiniGame_ParasailArchery.msbt,1faafd8c
QuestMsg/QL_MiniGame_ParasailRide.msbt,671533dd
QuestMsg/QL_MiniGame_ShieldSurfing.msbt,a1824d85
QuestMsg/QL_MiniGame_SmashGolf.msbt,23553911
QuestMsg/QL_MiniGame_TimeLimitHunting.msbt,f9af4059
QuestMsg/QL_MouthofDragon.msbt,66c57362
QuestMsg/QL_MtMotelMini_Landscape.msbt,9a0316b0
QuestMsg/QL_My_Hero.msbt,e4a04e41
QuestMsg/QL_NakedIsland.msbt,b363db81
QuestMsg/QL_Oasis_Drug_Challenge.msbt,d4dac272
QuestMsg/QL_OldKorok_Help.msbt,b62b9275
QuestMsg/QL_OneHundred.msbt,8f560e27
QuestMsg/QL_PictureMemory.msbt,ef86254d
QuestMsg/QL_Relief_Landing.msbt,762a5071
QuestMsg/QL_Remains_Fancier.msbt,6e89b428
QuestMsg/QL_RinelSearch.msbt,364de3f6
QuestMsg/QL_RitoMini_Cook.msbt,d419ee84
QuestMsg/QL_RitoMini_Flint.msbt,07a208a8
QuestMsg/QL_RitoMini_IceGolem.msbt,cd363a42
QuestMsg/QL_RitoRabitMountain.msbt,374b7a42
QuestMsg/QL_RitoSongMystery.msbt,913865d8
QuestMsg/QL_RitoUmayadoMini_HotRecipe.msbt,11b0fba2
QuestMsg/QL_Rito_BrosRock.msbt,91678ea4
QuestMsg/QL_Rito_KeelSearch.msbt,7c878819
QuestMsg/QL_RiversideMini_CastleWeapon.msbt,d43932ce
QuestMsg/QL_RiversideMini_RoyalRecipe.msbt,2866621e
QuestMsg/QL_SandStorm.msbt,25ff6683
QuestMsg/QL_SanrokuMini_Lizard.msbt,d5afd76a
QuestMsg/QL_SearchStone.msbt,0c06bc9b
QuestMsg/QL_SecretofObject.msbt,1cecb0d1
QuestMsg/QL_SeekerEye.msbt,93f77789
QuestMsg/QL_SetugenUmayadoMini_Umahonephoto.msbt,5e76e823
QuestMsg/QL_Shadow_Sign.msbt,67b41f51
QuestMsg/QL_ShieldofKolog.msbt,da8cad0e
QuestMsg/QL_ShieldofKolog_mini.msbt,58d21748
QuestMsg/QL_Solitary_Maze.msbt,0d23d65e
QuestMsg/QL_StatueofZora.msbt,180a4b0c
QuestMsg/QL_StolenBook.msbt,42c971bd
QuestMsg/QL_SunazarashiRace.msbt,0527c2b8
QuestMsg/QL_SunazarashiRace_mini.msbt,29731d43
QuestMsg/QL_TabantaBridgeMini_Sundial.msbt,76e2f5a5
QuestMsg/QL_Threebros_giant.msbt,5460a8f9
QuestMsg/QL_Thunder_Sword.msbt,69ddd2fe
QuestMsg/QL_TreasureHunt01.msbt,e43b4dc5
QuestMsg/QL_TreasureHunt02.msbt,0721ded0
QuestMsg/QL_TreasureHunt03.msbt,e52bd6a5
QuestMsg/QL_TreasureHunt04.msbt,f74d8d9c
QuestMsg/QL_TreasureHunt_touzoku01.msbt,9a8b288b
QuestMsg/QL_TreasureHunt_touzoku02.msbt,6b40466e
QuestMsg/QL_TreasureHunt_touzoku03.msbt,81e3e540
QuestMsg/QL_TreasureHunt_touzoku04.msbt,3869e5b9
QuestMsg/QL_TreasureHunt_touzoku05.msbt,6483d3ed
QuestMsg/QL_TreasureHunt_touzoku06.msbt,2f233eeb
QuestMsg/QL_TreasureHunt_touzoku07.msbt,c210211a
QuestMsg/QL_TreasureHunt_touzoku08.msbt,df2cb217
QuestMsg/QL_TutorialDungeon.msbt,52dd37a6
QuestMsg/QL_TwoWheels.msbt,f5869e3e
QuestMsg/QL_UMiiMini_GiveCake.msbt,200ea430
QuestMsg/QL_UMiiMini_MakeVillage.msbt,1c265492
QuestMsg/QL_UMiiMini_RichmansHobby.msbt,dd960b92
QuestMsg/QL_UotoriMini_RecipeSea.msbt,b63574da
QuestMsg/QL_UotoriMini_RecoverBay.msbt,4f414f3f
QuestMsg/QL_UotoriMini_SinkTreasure.msbt,06dee925
QuestMsg/QL_Water_Relic.msbt,6e316dc3
QuestMsg/QL_Wind_Relic.msbt,865e7ca9
QuestMsg/QL_ZoraMini_DiveChallenge.msbt,02248463
QuestMsg/QL_ZoraMini_FlowedWife.msbt,74457726
QuestMsg/QL_ZoraMini_HarvestingStone.msbt,b459646b
QuestMsg/QL_ZoraMini_ReliefSearch.msbt,eb0a7a1b
QuestMsg/QL_Zora_FlogMini.msbt,1f3efb9a
ShoutMsg/Shout_Npc_Darukeru.msbt,20fb1741
ShoutMsg/Shout_Npc_Goron020.msbt,6ba70349
ShoutMsg/Shout_Npc_Mifur.msbt,dd852a2e
ShoutMsg/Shout_Npc_oasis003.msbt,4614e026
ShoutMsg/Shout_Npc_Rival.msbt,65716a1c
ShoutMsg/Shout_Npc_Uruboza.msbt,9cc595bd
ShoutMsg/Shout_Npc_ValleyVillage010.msbt,4437fe6f
ShoutMsg/Shout_Npc_Zelda.msbt,4113778c
ShoutMsg/Shout_Npc_ZoraB001.msbt,967657b1
StaticMsg/CharExtraction.msbt,66f74d6e
StaticMsg/CookEffect.msbt,361e94e8
StaticMsg/DemoActorSubText.msbt,a25360bc
StaticMsg/Dungeon.msbt,d997bef6
StaticMsg/ErrorMessage.msbt,1ecc7357
StaticMsg/GetDemoOther.msbt,a9485529
StaticMsg/GrammarArticle.msbt,b7b31e31
StaticMsg/HardMode.msbt,29667e6d
StaticMsg/LocationMarker.msbt,9740acb2
StaticMsg/Reference.msbt,0f19941a
StaticMsg/SpecialStatus.msbt,1df06b0a
StaticMsg/StaffRoll.msbt,f88cb1a6
StaticMsg/StaffRollDLC.msbt,bc813c91
Tips/TipsChallenge.msbt,66f74d6e
Tips/TipsDungeon.msbt,e65d3c36
Tips/TipsEnemy.msbt,086980ed
Tips/TipsField.msbt,0c30685b
Tips/TipsGameOver.msbt,31147438
Tips/TipsItem.msbt,d043ed83
Tips/TipsNotify.msbt,97a9c315
Tips/TipsPlayer.msbt,c46267c8
Tips/TipsWorld.msbt,06b0af4c